ctr,sentiment,polarity,conversions,trend_score
0.2472,-0.688,-0.674,1,0.562
0.2856,-0.418,-0.514,1,0.418
0.3821,0.185,0.191,4,-0.244
0.1246,0.819,0.766,1,-0.112
0.0544,0.879,0.89,0,0.883
0.2354,-0.438,-0.465,0,0.314
0.1961,-0.852,-0.894,0,0.795
0.1021,0.774,0.729,0,0.208
0.3393,-0.145,-0.141,1,-0.028
0.1873,-0.42,-0.383,3,-0.258
0.3365,-0.78,-0.8,4,0.727
0.0571,0.886,0.872,0,-0.015
0.0946,0.817,0.788,0,0.234
0.0807,0.024,0.068,1,-0.16
0.1181,0.11,0.03,0,-0.36
0.1678,-0.677,-0.616,0,0.848
0.2853,-0.551,-0.6,5,-0.012
0.3452,-0.47,-0.463,6,-0.134
0.5107,0.445,0.391,8,0.911
0.2678,0.702,0.741,3,-0.025
0.1609,0.98,0.983,2,0.816
0.0529,0.734,0.704,1,0.87
0.2047,0.182,0.158,1,-0.309
0.1764,0.452,0.544,2,0.964
0.2281,0.925,0.95,0,0.113
0.2237,0.91,0.973,2,0.607
0.1609,-0.768,-0.746,0,0.211
0.4613,0.27,0.205,4,-0.432
0.1766,0.285,0.288,2,0.91
0.1112,0.922,0.926,0,0.858
0.1189,-0.953,-0.982,2,-0.323
0.333,0.501,0.545,2,0.71
0.413,0.805,0.87,0,-0.02
0.1962,0.901,0.87,1,0.36
0.4386,0.579,0.578,8,-0.414
0.0737,-0.832,-0.764,0,0.551
0.0852,0.972,0.939,0,-0.375
0.2592,0.924,0.963,1,0.062
0.1408,0.108,0.109,2,0.444
0.2455,-0.445,-0.396,2,-0.218
0.0242,-0.675,-0.741,0,0.899
0.3848,0.94,0.885,4,0.763
0.1692,0.999,0.999,1,0.653
0.2789,0.236,0.263,2,0.037
0.1243,0.122,0.11,0,-0.299
0.4617,0.808,0.88,3,0.022
0.2758,0.853,0.768,1,0.189
0.2418,0.794,0.818,1,0.211
0.1165,-0.078,-0.106,2,0.255
0.0507,-0.631,-0.662,0,-0.186
0.2279,-0.786,-0.71,0,-0.136
0.0134,0.781,0.727,0,0.39
0.3275,-0.432,-0.362,0,0.356
0.0745,-0.43,-0.454,1,-0.24
0.1248,0.114,0.031,0,0.654
0.2765,-0.423,-0.438,2,0.372
0.1835,0.98,1.03,2,-0.118
0.2157,0.661,0.609,2,0.948
0.1555,0.591,0.567,2,-0.254
0.1431,-0.075,-0.01,0,-0.048
0.1191,0.248,0.174,1,-0.291
0.3616,-0.503,-0.483,1,0.616
0.3775,0.445,0.488,2,0.541
0.3348,-0.076,-0.034,2,0.921
0.1539,0.13,0.154,1,0.561
0.1942,-0.098,-0.093,3,-0.33
0.1222,-0.991,-1.042,1,0.306
0.0692,-0.718,-0.731,0,-0.235
0.212,0.004,-0.03,0,0.625
0.1977,-0.869,-0.896,1,0.663
0.543,0.724,0.717,0,-0.094
0.188,-0.556,-0.492,0,-0.153
0.1058,-0.801,-0.76,1,0.784
0.0713,-0.829,-0.844,0,-0.188
0.5156,-0.181,-0.285,2,-0.058
0.3169,-0.15,-0.152,3,-0.466
0.1304,0.051,0.024,2,-0.472
0.0548,-0.587,-0.551,0,-0.484
0.4415,0.476,0.485,3,-0.132
0.0849,0.327,0.239,0,0.905
0.0271,-0.85,-0.852,0,0.533
0.4696,-0.726,-0.738,5,0.925
0.1888,0.385,0.362,4,0.234
0.2371,-0.932,-0.996,4,0.546
0.1427,-0.362,-0.432,0,-0.319
0.2511,0.581,0.559,3,-0.022
0.1388,0.996,1.057,2,0.103
0.1253,0.475,0.548,0,-0.142
0.1057,0.975,0.878,1,0.519
0.0673,-0.666,-0.632,0,0.987
0.0782,0.768,0.749,1,0.637
0.0574,-0.826,-0.772,0,0.113
0.1155,-0.039,0.021,0,0.022
0.1858,0.735,0.79,3,0.563
0.3024,0.744,0.725,4,0.615
0.0894,-0.48,-0.478,0,0.451
0.132,0.242,0.214,1,0.637
0.2504,-0.097,-0.075,2,0.541
0.1346,-0.161,-0.218,2,0.458
0.3047,-0.938,-1.001,3,0.797
0.3236,-0.738,-0.708,6,-0.451
0.0804,-0.139,-0.141,0,-0.404
0.0243,0.39,0.365,0,0.79
0.1697,-0.002,0.073,1,0.339
0.2998,0.135,0.098,1,0.534
0.2657,0.872,0.875,5,0.564
0.1076,-0.095,-0.047,0,0.465
0.0947,-0.004,0.082,0,-0.157
0.1787,-0.308,-0.264,2,0.057
0.1005,-0.157,-0.124,0,0.869
0.0379,-0.641,-0.675,0,-0.144
0.5693,-0.673,-0.654,9,-0.113
0.1712,-0.853,-0.829,2,-0.245
0.0517,-0.666,-0.624,0,0.212
0.3418,-0.368,-0.42,3,0.261
0.1709,0.031,0.135,2,-0.291
0.15,0.736,0.703,3,-0.234
0.0999,0.141,0.196,1,-0.176
0.2824,-0.129,-0.094,0,0.727
0.1242,-0.223,-0.301,1,0.06
0.1807,0.727,0.84,1,0.279
0.1,0.216,0.25,0,0.577
0.2022,0.854,0.868,0,-0.41
0.0386,0.606,0.51,0,0.416
0.219,-0.786,-0.853,2,0.351
0.219,0.638,0.624,3,-0.182
0.3222,-0.45,-0.485,0,0.734
0.05,0.474,0.456,0,-0.356
0.2383,-0.727,-0.598,3,0.543
0.1609,-0.829,-0.884,0,0.032
0.0981,0.302,0.224,1,0.299
0.302,0.512,0.578,3,0.693
0.0446,0.247,0.254,0,-0.366
0.1568,0.108,0.066,3,0.171
0.0409,0.756,0.751,0,0.802
0.3114,0.282,0.271,5,0.793
0.2009,-0.707,-0.773,0,0.051
0.1587,-0.376,-0.52,2,-0.342
0.2264,0.99,1.065,0,-0.413
0.1265,0.019,-0.058,0,0.436
0.4129,-0.172,-0.183,0,0.741
0.2915,0.521,0.526,1,-0.177
0.0496,-0.024,-0.032,1,-0.275
0.4217,0.682,0.79,6,0.489
0.172,0.024,0.027,1,0.52
0.0655,0.549,0.497,0,-0.239
0.186,-0.236,-0.274,2,-0.191
0.1316,0.597,0.67,0,0.622
0.5055,0.226,0.128,2,0.915
0.1711,0.723,0.765,0,0.191
0.0851,-0.573,-0.606,0,0.259
0.2029,0.11,0.146,2,-0.218
0.4314,-0.264,-0.232,6,-0.01
0.4324,-0.217,-0.133,7,-0.495
0.1228,-0.87,-0.742,1,0.37
0.2633,-0.003,0.053,2,0.562
0.1411,-0.559,-0.652,1,0.397
0.2876,0.68,0.74,1,0.382
0.0252,0.881,0.793,0,-0.111
0.2088,0.456,0.312,3,0.594
0.1281,-0.862,-0.801,0,-0.414
0.1374,-0.101,-0.127,2,-0.406
0.1428,0.328,0.314,0,0.945
0.3834,-0.072,-0.068,1,0.024
0.2076,-0.77,-0.713,3,0.79
0.0929,-0.668,-0.69,0,0.118
0.3397,-0.59,-0.628,5,0.817
0.2149,-0.004,0.011,3,0.733
0.1936,0.155,0.165,4,0.452
0.0628,-0.366,-0.383,0,-0.224
0.1386,0.336,0.359,0,0.452
0.1768,-0.841,-0.881,3,0.787
0.1768,-0.284,-0.29,0,0.241
0.2445,-0.716,-0.749,2,0.623
0.0199,-0.747,-0.748,0,0.514
0.1152,0.286,0.292,0,-0.042
0.3638,-0.479,-0.446,1,0.861
0.0907,-0.239,-0.266,0,0.61
0.1522,-0.807,-0.839,0,-0.137
0.383,0.705,0.753,1,0.838
0.3873,0.711,0.688,3,0.282
0.175,0.144,0.009,2,-0.025
0.1519,0.183,0.127,0,0.554
0.0977,0.268,0.299,0,-0.394
0.3296,0.033,0.018,2,0.704
0.1326,-0.772,-0.782,1,0.018
0.167,-0.178,-0.165,2,0.412
0.2301,-0.771,-0.802,0,0.076
0.4136,-0.29,-0.282,0,0.518
0.2183,0.448,0.486,3,-0.319
0.0468,-0.913,-0.905,1,0.015
0.0669,0.833,0.857,0,0.146
0.1147,0.292,0.221,1,-0.392
0.4438,-0.092,-0.122,0,0.532
0.2437,-0.938,-0.993,1,-0.465
0.1128,0.653,0.636,0,0.976
0.064,0.524,0.513,0,-0.047
0.5291,-0.722,-0.685,4,0.166
0.1961,-0.21,-0.212,3,0.315
0.1081,0.588,0.568,1,-0.086
0.3226,-0.428,-0.396,3,0.08
0.1064,0.529,0.543,0,0.36
0.1126,-0.875,-0.882,1,0.266
0.3866,-0.442,-0.511,10,-0.184
0.26,0.476,0.502,4,-0.286
0.242,-0.025,0.029,0,-0.384
0.1091,-0.855,-0.853,0,-0.051
0.391,-0.438,-0.476,9,0.705
0.287,0.958,0.875,3,0.472
0.3123,0.428,0.403,4,0.734
0.2598,-0.431,-0.414,0,-0.419
0.0956,-0.992,-0.984,2,-0.13
0.2481,0.265,0.291,2,0.5
0.0794,-0.28,-0.22,0,0.935
0.3594,0.315,0.367,2,-0.176
0.1178,0.29,0.331,2,0.093
0.1495,0.032,0.069,0,-0.478
0.1332,0.062,-0.07,3,0.393
0.3703,0.952,0.986,2,-0.32
0.4513,-0.997,-0.984,9,-0.05
0.2172,-0.394,-0.399,4,0.621
0.2396,-0.549,-0.568,1,0.434
0.2187,-0.48,-0.401,2,0.018
0.1829,-0.984,-1.026,1,-0.299
0.4915,0.614,0.625,0,0.189
0.2308,0.687,0.666,2,0.941
0.2387,0.585,0.587,2,0.862
0.0649,-0.675,-0.601,0,0.248
0.1852,-0.357,-0.42,2,0.772
0.2042,-0.422,-0.385,2,0.99
0.1537,0.575,0.604,2,-0.123
0.129,0.012,-0.008,1,0.926
0.325,0.788,0.836,6,0.92
0.4511,-0.628,-0.584,6,-0.189
0.0914,-0.336,-0.354,1,0.54
0.1078,-0.392,-0.443,1,-0.498
0.1866,0.425,0.391,2,0.725
0.0757,-0.843,-0.753,0,-0.249
0.4339,0.655,0.663,8,0.546
0.2497,0.614,0.586,3,0.003
0.1809,0.572,0.568,2,0.602
0.1502,0.634,0.659,2,-0.422
0.1716,-0.737,-0.668,0,0.798
0.1785,0.25,0.311,0,0.859
0.148,0.465,0.389,0,0.107
0.4684,-0.252,-0.244,4,0.507
0.2588,-0.136,-0.162,0,0.971
0.424,-0.307,-0.382,2,-0.192
0.1083,-0.849,-0.829,1,0.927
0.276,0.93,0.971,1,0.56
0.0757,0.402,0.416,0,0.52
0.3456,0.954,0.911,2,0.623
0.0988,-0.516,-0.447,0,0.571
0.1172,0.465,0.546,3,-0.378
0.2961,0.234,0.271,0,0.614
0.2765,-0.462,-0.421,4,0.5
0.1801,0.299,0.385,0,0.904
0.3278,0.854,0.867,1,0.115
0.1086,0.37,0.387,0,-0.334
0.4387,0.657,0.624,4,0.871
0.3209,0.006,-0.037,6,-0.209
0.1933,-0.679,-0.728,0,0.541
0.1868,-0.677,-0.631,1,-0.375
0.17,-0.509,-0.516,1,-0.149
0.067,-0.657,-0.638,0,0.25
0.2887,0.791,0.793,2,0.129
0.0754,0.447,0.489,0,0.303
0.1121,-0.867,-0.897,2,0.063
0.2789,-0.255,-0.289,3,-0.397
0.27,0.323,0.313,0,0.707
0.1195,0.606,0.627,0,0.277
0.2029,0.517,0.602,0,0.834
0.3981,-0.372,-0.325,6,-0.138
0.0547,-0.234,-0.208,0,0.694
0.2727,0.324,0.256,1,0.722
0.2442,-0.938,-0.955,3,0.336
0.2165,0.153,0.169,3,-0.399
0.0871,0.567,0.476,0,0.482
0.1522,0.174,0.225,1,0.371
0.3524,-0.316,-0.39,5,0.993
0.1138,-0.254,-0.279,0,0.913
0.2177,0.272,0.212,3,0.558
0.1462,0.606,0.649,1,0.941
0.2896,0.166,0.079,3,-0.422
0.4184,0.772,0.803,7,-0.205
0.1654,0.695,0.686,0,-0.399
0.1344,-0.798,-0.875,2,-0.249
0.0962,-0.487,-0.419,0,-0.406
0.0804,0.011,0.026,0,-0.284
0.4267,0.554,0.533,2,0.307
0.2809,0.676,0.761,2,0.042
0.3993,0.903,0.916,2,0.369
0.0395,0.142,0.084,0,-0.222
0.2359,-0.714,-0.653,2,0.051
0.1058,-0.564,-0.613,0,0.811
0.1919,-0.696,-0.8,0,-0.359
0.1455,-0.064,-0.101,1,0.199
0.0367,-0.939,-0.957,0,-0.193
0.2155,-0.679,-0.681,0,-0.144
0.0923,0.502,0.478,1,-0.312
0.3602,-0.94,-0.935,4,0.9
0.1894,-0.437,-0.41,4,0.945
0.1177,-0.478,-0.428,1,0.903
0.1844,-0.107,-0.092,2,0.252
0.2265,0.635,0.588,4,0.104
0.4448,-0.14,-0.165,3,0.746
0.306,-0.132,-0.086,6,0.016
0.1124,-0.201,-0.161,1,-0.01
0.0819,-0.866,-0.79,1,-0.451
0.2824,0.384,0.377,1,0.187
0.0209,-0.045,-0.109,0,0.709
0.0361,-0.238,-0.241,0,0.713
0.1289,-0.185,-0.162,0,0.957
0.076,0.324,0.279,0,-0.385
0.4778,-0.209,-0.228,1,0.741
0.2304,0.463,0.479,3,0.937
0.1684,0.505,0.604,1,0.143
0.3881,-0.498,-0.554,2,0.766
0.0244,-0.987,-0.912,0,0.019
0.0654,-0.759,-0.705,0,0.908
0.4088,-0.214,-0.162,5,-0.255
0.1623,-0.161,-0.256,2,-0.457
0.3358,0.948,0.923,1,0.316
0.1204,-0.148,-0.126,1,-0.164
0.4102,-0.833,-0.864,4,-0.183
0.0341,-0.677,-0.611,0,0.64
0.1358,-0.931,-0.974,2,0.088
0.2639,-0.54,-0.613,5,0.509
0.108,0.343,0.308,2,-0.094
0.2676,-0.145,-0.109,3,0.776
0.0229,0.731,0.695,0,-0.346
0.4336,0.365,0.279,6,-0.086
0.3048,-0.88,-0.845,0,-0.304
0.0638,-0.336,-0.352,0,-0.378
0.165,0.781,0.785,0,0.365
0.2545,-0.187,-0.165,4,-0.06
0.0721,-0.408,-0.35,0,-0.498
0.4379,-0.731,-0.719,6,-0.345
0.3651,0.081,0.043,5,0.777
0.2442,-0.223,-0.24,3,-0.028
0.1133,0.165,0.17,0,0.719
0.2499,0.265,0.276,4,0.54
0.0626,-0.949,-0.877,0,-0.073
0.1821,-0.789,-0.73,0,-0.149
0.5707,0.227,0.269,9,0.847
0.482,0.403,0.302,4,0.867
0.3574,-0.092,-0.011,1,0.118
0.2246,-0.321,-0.384,0,0.487
0.3145,-0.116,-0.184,8,0.472
0.2459,-0.197,-0.239,0,0.088
0.0748,0.154,0.214,0,0.018
0.5638,0.51,0.57,9,-0.38
0.2043,0.75,0.745,0,0.956
0.4712,0.345,0.414,2,0.926
0.0966,-0.891,-0.933,1,0.399
0.53,0.143,0.168,5,-0.223
0.0431,-0.116,-0.135,0,-0.197
0.0967,0.011,-0.008,0,-0.407
0.2959,0.892,0.868,0,-0.384
0.3366,0.369,0.305,3,0.923
0.2302,-0.169,-0.163,1,0.593
0.209,0.094,0.067,1,0.213
0.1118,-0.201,-0.198,3,0.115
0.4087,0.665,0.682,4,-0.411
0.1837,-0.73,-0.855,0,0.513
0.174,-0.163,-0.106,1,0.363
0.0282,-0.29,-0.331,0,0.67
0.1789,-0.477,-0.387,1,0.271
0.0397,-0.057,-0.051,0,-0.363
0.1521,0.62,0.698,0,0.87
0.1713,0.176,0.123,0,0.14
0.2762,-0.199,-0.132,1,0.698
0.1883,0.358,0.284,0,0.898
0.2327,-0.724,-0.724,2,0.512
0.4468,0.291,0.27,6,0.902
0.0909,0.15,0.151,2,-0.032
0.0594,-0.782,-0.791,0,-0.127
0.4577,-0.376,-0.357,8,-0.294
0.1715,0.41,0.389,3,0.613
0.0929,-0.663,-0.654,1,-0.216
0.2571,-0.502,-0.429,1,0.913
0.2264,-0.312,-0.448,0,0.82
0.3087,0.191,0.186,1,0.123
0.1784,-0.487,-0.483,1,-0.019
0.4198,-1.0,-1.067,0,0.873
0.2064,0.025,-0.037,0,0.432
0.3731,0.351,0.408,4,0.799
0.2442,-0.193,-0.128,5,-0.148
0.1284,0.111,0.078,0,0.065
0.1788,-0.671,-0.69,2,0.452
0.2018,0.911,0.976,4,-0.13
0.1978,0.818,0.786,2,-0.067
0.1225,0.007,0.033,0,0.695
0.0902,-0.92,-0.927,1,-0.435
0.165,-0.33,-0.306,0,-0.029
0.304,-0.607,-0.646,2,0.464
0.0837,-0.64,-0.712,0,-0.335
0.1842,-0.404,-0.404,0,-0.315
0.127,0.769,0.729,0,0.331
0.1267,-0.322,-0.274,0,-0.426
0.2156,0.923,0.962,3,0.167
0.3369,-0.133,-0.153,6,0.691
0.3288,-0.196,-0.141,2,0.511
0.0608,-0.592,-0.542,0,0.224
0.0696,-0.694,-0.671,0,0.592
0.1597,0.709,0.752,0,-0.368
0.074,-0.577,-0.548,1,-0.438
0.1738,0.201,0.181,2,0.426
0.0802,-0.331,-0.206,0,0.279
0.4658,-0.927,-0.926,0,0.212
0.3561,0.945,1.065,0,-0.145
0.2562,0.01,0.042,0,0.653
0.2024,-0.157,-0.16,1,0.366
0.1556,0.933,0.92,3,0.955
0.4104,0.516,0.468,5,0.887
0.1257,0.704,0.719,0,0.339
0.1485,0.366,0.372,1,-0.311
0.2175,-0.737,-0.723,1,-0.035
0.3001,0.233,0.228,1,0.203
0.0932,-0.931,-1.027,1,0.169
0.2512,0.596,0.589,4,0.081
0.1325,0.739,0.714,1,-0.229
0.0763,0.485,0.473,0,-0.248
0.0371,-0.985,-0.902,0,0.538
0.4284,0.164,0.183,8,0.185
0.2682,-0.166,-0.168,2,0.817
0.0284,-0.39,-0.405,0,-0.053
0.2315,-0.079,-0.082,1,0.565
0.2363,-0.946,-0.926,2,0.149
0.2287,0.854,0.891,1,0.943
0.0324,0.998,1.004,0,-0.376
0.1233,0.889,0.862,0,0.002
0.1563,-0.1,-0.045,1,0.993
0.2901,-0.545,-0.486,6,0.316
0.0282,-0.231,-0.274,0,0.673
0.026,0.934,1.044,0,0.357
0.3345,-0.084,-0.034,5,-0.134
0.2722,0.376,0.346,0,-0.09
0.0683,-0.359,-0.389,1,0.962
0.0527,0.683,0.713,0,-0.454
0.4743,-0.421,-0.458,4,0.117
0.1337,-0.366,-0.329,2,-0.1
0.0994,-0.878,-0.964,1,0.54
0.0655,0.263,0.273,0,0.278
0.094,0.855,0.875,0,-0.341
0.2392,0.383,0.293,0,0.693
0.139,0.299,0.307,0,0.439
0.2241,0.886,0.855,0,0.416
0.0662,0.995,0.95,0,0.896
0.1141,0.965,0.982,0,0.868
0.1924,-0.146,-0.107,0,0.462
0.1915,0.365,0.254,1,0.493
0.28,0.739,0.733,3,0.189
0.2221,-0.514,-0.528,3,0.326
0.2038,-0.124,-0.094,1,-0.363
0.0158,-0.902,-0.887,0,0.359
0.1879,0.35,0.321,2,-0.311
0.1048,0.626,0.649,1,0.368
0.2267,-0.372,-0.432,1,0.568
0.2421,0.001,-0.018,0,0.868
0.3007,-0.381,-0.489,2,0.976
0.0605,0.792,0.783,0,-0.345
0.2112,-0.739,-0.796,3,-0.354
0.1777,-0.468,-0.411,2,-0.441
0.3045,0.971,0.916,4,0.698
0.3624,-0.379,-0.282,4,0.643
0.1702,0.266,0.218,3,0.579
0.377,-0.785,-0.699,7,-0.475
0.3896,0.006,-0.014,3,0.966
0.1726,-0.823,-0.852,3,0.013
0.0922,-0.759,-0.723,1,0.245
0.1721,-0.178,-0.112,0,0.406
0.1216,-0.36,-0.423,0,0.94
0.1782,0.036,0.021,1,-0.489
0.0709,-0.578,-0.546,1,0.745
0.0257,0.602,0.572,0,0.177
0.2223,0.066,0.101,2,-0.306
0.5154,-0.187,-0.153,6,0.89
0.0472,0.932,0.956,0,-0.132
0.0488,-0.576,-0.611,0,-0.142
0.1574,0.361,0.346,0,-0.261
0.2806,0.622,0.55,6,0.101
0.2993,0.873,0.898,2,-0.199
0.2011,0.645,0.651,2,-0.48
0.2341,-0.029,-0.009,1,-0.241
0.1108,-0.494,-0.492,1,0.706
0.2689,-0.164,-0.135,3,-0.307
0.1712,-0.529,-0.493,4,0.57
0.0755,0.401,0.381,1,0.259
0.2137,-0.786,-0.713,1,-0.142
0.0325,0.088,-0.015,0,0.171
0.2258,-0.162,-0.209,0,0.664
0.1234,0.445,0.476,0,-0.31
0.1206,-0.461,-0.471,0,0.554
0.1211,-0.431,-0.363,0,0.309
0.1046,-0.067,-0.038,0,0.042
0.2712,0.892,0.951,0,-0.425
0.5371,-0.69,-0.669,2,-0.048
0.1716,0.024,0.032,0,0.291
0.4404,0.94,0.906,4,-0.297
0.2853,-0.513,-0.493,3,0.763
0.2826,0.896,0.855,0,0.103
0.0445,-0.693,-0.726,0,0.05
0.2665,0.561,0.628,2,0.867
0.019,0.788,0.853,0,0.88
0.2314,0.595,0.573,0,0.196
0.1155,0.673,0.718,0,-0.177
0.2246,0.276,0.305,3,-0.402
0.1152,0.654,0.634,0,0.344
0.2949,-0.096,-0.112,4,0.928
0.0736,0.566,0.545,0,0.164
0.2213,0.295,0.299,0,0.264
0.1473,-0.895,-0.867,1,-0.444
0.3465,-0.079,-0.128,3,0.468
0.0585,0.036,0.073,0,-0.444
0.0198,-0.671,-0.607,0,0.496
0.1683,-0.944,-0.899,1,-0.13
0.0677,-0.173,-0.132,1,0.986
0.3015,-0.904,-1.003,1,0.028
0.0571,-0.884,-0.884,1,-0.107
0.2545,0.059,0.107,2,0.953
0.4173,0.231,0.217,7,0.109
0.3244,-0.859,-0.808,1,0.471
0.223,0.245,0.195,3,-0.485
0.1303,-0.402,-0.471,0,0.949
0.1625,-0.051,-0.02,0,-0.485
0.2145,-0.534,-0.51,0,0.971
0.2992,0.109,0.162,0,0.852
0.3762,0.214,0.24,0,0.951
0.1806,-0.332,-0.332,2,0.283
0.059,0.91,0.872,0,-0.224
0.0668,-0.459,-0.481,0,0.056
0.1009,0.709,0.667,1,-0.324
0.2848,-0.742,-0.673,6,0.305
0.0777,0.457,0.431,1,0.253
0.0585,0.279,0.236,0,0.007
0.2498,-0.359,-0.386,0,0.127
0.1905,0.493,0.594,3,0.84
0.3598,-0.737,-0.719,4,-0.12
0.3307,-0.968,-0.929,0,0.059
0.0913,0.124,0.165,1,0.033
0.3526,-0.124,-0.07,0,-0.154
0.1034,-0.325,-0.334,0,-0.165
0.272,0.989,1.0,3,0.519
0.1322,0.674,0.624,1,-0.26
0.0937,0.74,0.779,0,0.454
0.4001,0.61,0.618,2,0.739
0.3769,-0.886,-0.901,2,-0.334
0.2071,-0.367,-0.422,4,-0.147
0.1498,-0.569,-0.568,1,0.717
0.2726,0.837,0.905,0,-0.261
0.0531,0.198,0.133,0,-0.392
0.0406,-0.856,-0.853,0,-0.045
0.1037,-0.618,-0.562,0,0.653
0.2644,-0.586,-0.635,4,0.265
0.1016,-0.993,-0.994,0,-0.02
0.2113,-0.538,-0.517,1,0.225
0.1793,-0.176,-0.187,0,0.902
0.1268,0.396,0.325,2,-0.36
0.2397,-0.38,-0.417,0,0.718
0.3385,0.765,0.634,4,-0.489
0.0589,-0.201,-0.199,0,0.931
0.1084,-0.128,-0.093,0,0.657
0.3014,0.857,0.818,0,0.37
0.2597,-0.246,-0.283,1,-0.124
0.125,-0.287,-0.26,2,0.621
0.1645,0.969,0.916,1,0.5
0.1648,0.075,0.111,2,0.495
0.4276,-0.026,-0.022,1,0.895
0.2794,0.887,0.874,1,0.28
0.1288,-0.634,-0.683,0,0.435
0.0193,-0.329,-0.227,0,0.648
0.2253,-0.818,-0.807,3,-0.309
0.2133,-0.597,-0.611,0,0.939
0.1163,-0.184,-0.18,2,0.862
0.0389,-0.036,-0.031,0,-0.394
0.2543,0.253,0.212,1,0.919
0.1707,-0.114,-0.073,4,0.427
0.1219,-0.076,-0.038,1,0.595
0.0665,-0.034,-0.049,0,0.83
0.3911,0.844,0.757,4,0.253
0.3107,-0.738,-0.761,3,0.649
0.1505,0.589,0.526,1,-0.099
0.1467,0.892,0.899,1,-0.133
0.1617,0.088,0.071,1,0.42
0.0426,0.337,0.35,0,0.794
0.0796,0.34,0.324,1,0.032
0.0148,0.245,0.25,0,-0.188
0.1932,-0.014,-0.016,1,0.046
0.0471,0.934,0.9,0,0.29
0.2097,-0.508,-0.586,0,0.554
0.503,0.723,0.658,2,0.913
0.1339,0.388,0.529,1,-0.098
0.1523,-0.663,-0.644,1,0.181
0.1329,0.802,0.79,1,0.511
0.0087,-0.138,-0.046,0,-0.012
0.1543,0.621,0.574,0,0.305
0.1789,0.381,0.286,2,0.045
0.5008,-0.492,-0.399,3,0.738
0.0739,-0.168,-0.279,1,-0.349
0.158,0.279,0.233,0,-0.387
0.1482,-0.767,-0.887,3,-0.098
0.4863,-0.041,-0.065,4,0.051
0.3464,-0.332,-0.33,0,0.097
0.5101,-0.121,-0.155,4,0.244
0.1661,-0.205,-0.165,1,0.792
0.0244,-0.75,-0.65,0,-0.305
0.2704,-0.522,-0.517,3,0.341
0.0072,-0.831,-0.796,0,-0.321
0.1895,-0.191,-0.253,2,-0.408
0.1128,-0.182,-0.139,1,0.493
0.2777,0.471,0.433,5,0.581
0.1792,0.493,0.385,1,-0.487
0.18,-0.997,-0.992,1,0.513
0.0683,0.79,0.77,0,-0.324
0.3071,0.341,0.364,1,0.005
0.1154,-0.359,-0.388,0,0.617
0.1135,-0.119,-0.107,2,0.233
0.233,-0.887,-0.902,2,-0.464
0.1239,-0.6,-0.557,1,-0.392
0.0283,-0.046,0.002,0,0.463
0.1158,0.286,0.324,2,0.014
0.1124,0.929,0.959,1,-0.39
0.2159,-0.388,-0.405,2,0.389
0.3109,0.289,0.267,3,-0.453
0.1674,-0.105,-0.122,4,-0.391
0.2119,-0.989,-0.969,2,-0.29
0.2896,0.62,0.624,0,-0.369
0.0637,-0.073,-0.132,0,0.612
0.1891,-0.607,-0.624,1,0.421
0.2261,-0.794,-0.792,1,0.563
0.3225,0.036,0.007,5,0.183
0.2075,-0.142,-0.077,1,-0.499
0.2365,-0.958,-0.936,1,-0.165
0.3038,0.812,0.715,2,0.072
0.3002,-0.81,-0.788,5,-0.199
0.2354,-0.234,-0.224,2,0.159
0.3108,-0.973,-0.909,2,-0.045
0.0061,-0.727,-0.801,0,0.96
0.2984,0.308,0.357,0,0.081
0.6375,0.645,0.621,6,-0.025
0.07,0.412,0.268,1,0.236
0.2361,0.761,0.812,0,-0.426
0.0081,-0.841,-0.795,0,0.911
0.1939,0.539,0.454,1,-0.106
0.526,0.803,0.783,6,-0.254
0.2014,-0.873,-0.903,3,0.841
0.2449,0.197,0.178,1,-0.454
0.0684,-0.693,-0.687,1,0.598
0.2847,-0.37,-0.336,2,-0.325
0.2237,0.137,0.202,4,-0.114
0.1637,0.544,0.574,3,0.21
0.3332,-0.54,-0.48,2,-0.159
0.1623,-0.802,-0.816,4,-0.093
0.0908,0.74,0.789,0,0.096
0.1459,-0.17,-0.247,1,0.599
0.3208,-0.572,-0.556,4,0.491
0.0821,-0.618,-0.614,1,0.161
0.0494,-0.516,-0.51,0,-0.065
0.0691,0.217,0.242,0,0.956
0.2121,-0.956,-0.931,2,-0.019
0.1291,-0.195,-0.238,1,0.675
0.0156,0.371,0.304,0,0.724
0.1168,-0.81,-0.855,1,-0.49
0.1176,0.04,0.085,0,0.092
0.2092,-0.868,-0.818,1,-0.213
0.0509,-0.389,-0.405,0,0.641
0.2037,0.743,0.691,1,-0.211
0.276,-0.096,-0.076,4,-0.355
0.3075,-0.951,-0.99,1,0.118
0.2638,0.957,1.01,1,-0.122
0.1024,-0.315,-0.394,1,-0.338
0.0509,0.952,0.934,0,0.382
0.3119,0.543,0.553,0,0.762
0.2033,-0.57,-0.596,1,0.128
0.1388,0.734,0.812,0,0.62
0.0673,0.651,0.646,1,0.617
0.2648,-0.064,-0.034,5,0.47
0.0508,0.062,0.048,0,-0.15
0.1381,-0.224,-0.255,0,-0.244
0.0594,-0.484,-0.462,0,-0.0
0.2586,0.914,1.024,3,0.249
0.0554,0.019,-0.027,0,0.971
0.0242,-0.493,-0.471,0,-0.158
0.1192,-0.739,-0.72,0,-0.404
0.1058,0.308,0.278,0,0.124
0.1942,-0.117,-0.18,4,0.935
0.2277,-0.969,-1.005,3,0.165
0.0835,0.441,0.437,0,0.649
0.0589,-0.381,-0.357,1,-0.499
0.0739,-0.151,-0.158,0,-0.265
0.1355,0.775,0.827,2,0.379
0.113,-0.224,-0.221,2,-0.356
0.0659,0.187,0.218,0,-0.244
0.2265,-0.311,-0.336,3,-0.408
0.253,0.526,0.629,3,0.771
0.1811,-0.163,-0.271,2,0.571
0.4667,0.755,0.796,7,0.99
0.1598,-0.959,-1.026,0,0.407
0.2369,-0.182,-0.137,2,0.701
0.2014,0.072,0.045,2,0.174
0.1382,0.168,0.126,1,0.306
0.0239,0.108,0.104,0,0.338
0.0481,-0.713,-0.698,0,-0.284
0.3351,-0.826,-0.915,3,-0.166
0.1189,0.657,0.607,0,-0.016
0.1125,0.612,0.661,1,0.14
0.0445,-0.223,-0.263,0,0.799
0.071,0.964,0.928,0,-0.365
0.147,-0.497,-0.539,0,-0.24
0.1359,0.797,0.818,0,0.688
0.1141,0.895,0.812,3,-0.31
0.1025,0.318,0.264,1,0.244
0.0758,0.014,0.011,0,0.645
0.0877,0.419,0.467,1,0.379
0.4239,-0.476,-0.526,0,0.581
0.0266,0.147,0.155,0,0.78
0.1727,0.84,0.816,0,0.535
0.1024,0.634,0.692,1,0.792
0.5727,0.834,0.854,1,-0.493
0.1463,-0.114,-0.142,1,-0.449
0.2253,-0.455,-0.469,0,-0.29
0.1447,0.511,0.499,2,0.41
0.2108,0.745,0.857,2,0.744
0.0038,0.189,0.209,0,0.39
0.1598,0.335,0.415,1,-0.368
0.2603,-0.393,-0.408,1,0.796
0.0213,0.703,0.756,0,-0.103
0.1426,-0.866,-0.836,0,-0.325
0.5937,0.288,0.347,0,0.473
0.0841,0.175,0.167,1,-0.122
0.144,0.26,0.196,0,0.367
0.0855,0.626,0.62,0,-0.442
0.0579,0.439,0.397,0,-0.282
0.2603,0.094,0.125,4,-0.439
0.1165,0.845,0.866,0,0.089
0.2222,0.034,0.058,1,0.055
0.2729,-0.341,-0.355,2,0.97
0.0443,0.744,0.738,0,-0.067
0.1691,-0.555,-0.545,1,0.292
0.1814,0.724,0.726,3,0.834
0.239,0.42,0.427,3,-0.097
0.2313,-0.603,-0.622,2,0.942
0.1371,0.087,0.031,1,0.244
0.2438,0.276,0.36,1,0.654
0.2951,-0.452,-0.483,2,0.697
0.0964,0.442,0.405,0,0.593
0.2064,0.92,0.956,2,0.918
0.4082,0.584,0.543,0,0.375
0.4064,-0.745,-0.736,6,0.298
0.1035,-0.048,-0.005,2,-0.316
0.1706,0.38,0.442,3,0.548
0.1264,-0.915,-0.926,1,0.45
0.0921,-0.741,-0.718,0,0.531
0.0449,-0.419,-0.44,0,-0.38
0.1792,0.077,0.001,1,0.348
0.331,-0.722,-0.679,2,-0.253
0.0675,0.61,0.507,0,0.055
0.1948,0.433,0.369,2,0.449
0.1113,-0.775,-0.73,0,0.022
0.2141,0.374,0.438,1,0.129
0.1592,0.562,0.592,1,-0.212
0.3186,-0.399,-0.493,3,0.302
0.3927,-0.981,-0.909,5,0.191
0.3929,-0.186,-0.176,5,-0.202
0.0457,0.196,0.147,1,-0.103
0.3541,0.402,0.351,0,-0.055
0.0953,-0.911,-0.978,1,0.956
0.0428,0.471,0.539,1,0.932
0.204,-0.418,-0.434,0,0.421
0.1908,-0.303,-0.278,3,0.196
0.0445,0.858,0.864,0,0.067
0.2363,0.248,0.241,1,0.58
0.0525,-0.079,-0.056,0,0.836
0.1065,-0.932,-0.995,0,0.019
0.1879,0.893,0.891,3,0.6
0.2423,0.666,0.676,2,0.301
0.0869,-0.795,-0.796,0,-0.408
0.0673,0.608,0.59,0,0.033
0.0709,-0.658,-0.661,1,-0.434
0.1832,-0.619,-0.657,1,0.084
0.2339,-0.789,-0.807,3,0.497
0.1924,0.002,-0.038,2,0.065
0.1674,-0.501,-0.546,3,-0.163
0.3329,-0.49,-0.436,4,-0.429
0.1257,-0.204,-0.127,2,0.37
0.3565,0.64,0.546,5,-0.072
0.1182,0.064,0.079,2,0.714
0.0843,-0.098,-0.061,1,-0.218
0.0132,-0.723,-0.739,0,0.949
0.097,0.209,0.261,1,-0.486
0.0534,-0.557,-0.606,0,-0.096
0.3477,-0.639,-0.675,3,-0.237
0.4722,0.391,0.457,1,0.907
0.2833,0.035,0.171,5,0.889
0.265,0.12,0.106,5,0.685
0.0791,0.555,0.558,1,0.394
0.1528,0.718,0.672,0,0.987
0.34,0.008,0.018,3,-0.416
0.3326,0.698,0.732,6,0.282
0.1588,-0.58,-0.62,1,-0.413
0.3618,-0.89,-0.842,2,0.51
0.3945,0.438,0.413,0,0.577
0.2844,0.835,0.817,1,0.087
0.0421,-0.576,-0.579,0,-0.083
0.1401,-0.393,-0.409,2,-0.337
0.0456,-0.46,-0.603,0,0.269
0.3358,0.141,0.177,3,0.226
0.1053,-0.867,-0.871,1,-0.221
0.0752,0.82,0.737,0,0.806
0.1503,0.893,0.826,1,0.06
0.0871,0.772,0.806,0,0.594
0.1712,0.819,0.834,3,0.508
0.3459,-0.718,-0.711,4,-0.163
0.1072,0.05,-0.085,0,0.663
0.1149,0.308,0.33,2,0.522
0.3205,0.957,0.888,3,0.383
0.2116,0.515,0.479,3,-0.258
0.0661,-0.664,-0.632,0,0.958
0.0889,0.225,0.236,0,-0.469
0.127,0.107,0.065,1,-0.452
0.2953,0.716,0.761,4,-0.14
0.1902,0.668,0.631,1,0.33
0.045,0.038,0.04,0,-0.136
0.0527,-0.224,-0.166,0,0.064
0.2426,0.043,0.016,2,-0.018
0.0876,-0.338,-0.352,1,-0.322
0.249,0.025,0.068,4,0.211
0.1597,-0.572,-0.533,2,0.213
0.2672,0.398,0.431,4,-0.482
0.1158,0.885,0.943,0,0.735
0.1451,0.844,0.96,1,0.745
0.1841,-0.713,-0.721,4,0.284
0.1091,0.822,0.812,1,0.997
0.2152,-0.437,-0.408,1,0.93
0.0479,0.106,0.081,0,-0.151
0.0967,-0.747,-0.797,2,0.348
0.1056,0.776,0.752,2,0.402
0.3102,-0.643,-0.643,2,0.27
0.1565,0.786,0.791,2,0.47
0.2989,-0.656,-0.546,4,-0.082
0.1613,-0.692,-0.661,0,-0.144
0.3667,0.202,0.215,0,-0.009
0.1396,-0.056,-0.068,1,-0.069
0.2299,-0.467,-0.445,2,0.574
0.0442,0.048,0.217,0,0.961
0.1942,-0.736,-0.725,0,0.571
0.018,0.539,0.548,0,-0.017
0.3393,0.18,0.199,0,-0.053
0.0649,-0.094,-0.002,1,-0.09
0.111,-0.135,-0.116,0,0.119
0.2283,0.194,0.102,0,-0.365
0.0758,-0.181,-0.143,1,0.93
0.1732,0.701,0.738,1,0.385
0.1585,0.982,0.973,1,0.208
0.1251,-0.182,-0.151,0,0.55
0.16,0.823,0.793,2,0.106
0.2227,-0.72,-0.778,1,0.267
0.0321,0.307,0.319,0,0.757
0.1779,-0.112,-0.071,0,-0.102
0.2631,0.869,0.927,3,0.148
0.1149,0.178,0.219,0,-0.351
0.073,-0.429,-0.382,0,0.214
0.1404,0.765,0.853,0,0.056
0.1507,0.076,0.033,0,0.493
0.112,0.358,0.361,1,0.832
0.0373,0.705,0.65,0,0.635
0.1476,0.053,0.164,0,0.816
0.0394,-0.692,-0.587,0,0.47
0.065,0.175,0.162,0,0.396
0.0217,0.005,0.035,0,0.875
0.3746,-0.739,-0.764,0,0.113
0.0875,0.553,0.528,2,0.394
0.2768,0.849,0.853,1,-0.157
0.3195,0.302,0.326,6,0.213
0.1215,0.778,0.66,1,0.439
0.1679,0.899,0.884,0,0.009
0.1254,0.244,0.163,1,0.865
0.2674,-0.225,-0.194,0,0.4
0.3276,-0.816,-0.838,1,0.418
0.297,0.58,0.481,3,0.484
0.3446,0.303,0.314,2,0.789
0.121,-0.35,-0.399,2,-0.462
0.5709,-0.257,-0.225,0,0.15
0.1664,-0.321,-0.267,0,0.52
0.108,0.706,0.719,0,0.228
0.0139,-0.219,-0.174,0,0.92
0.0864,-0.084,0.005,0,0.388
0.1905,-0.039,0.039,2,0.806
0.3611,0.182,0.166,5,0.923
0.0919,-0.493,-0.486,2,0.812
0.2392,-0.491,-0.404,3,0.886
0.3788,-0.954,-1.039,8,-0.3
0.4742,0.435,0.42,1,0.792
0.1942,-0.465,-0.57,1,0.867
0.0085,0.638,0.712,0,0.578
0.0257,0.589,0.554,0,-0.44
0.1984,0.75,0.717,1,0.601
0.2504,-0.939,-0.87,4,0.15
0.3684,-0.59,-0.518,3,-0.473
0.0478,-0.352,-0.326,1,0.518
0.1305,-0.169,-0.183,1,0.748
0.1434,-0.342,-0.378,2,-0.187
0.1773,0.109,0.126,2,0.4
0.2529,0.215,0.195,3,0.432
0.1031,-0.221,-0.222,0,0.41
0.2837,0.673,0.652,0,0.502
0.0412,-0.153,-0.146,0,0.554
0.2783,-0.075,-0.122,1,0.811
0.217,0.704,0.685,5,0.331
0.185,-0.454,-0.41,3,0.157
0.0643,-0.4,-0.392,1,-0.078
0.2047,-0.364,-0.28,0,-0.436
0.2116,-0.954,-1.023,4,-0.423
0.2423,-0.288,-0.22,1,0.921
0.2232,-0.945,-0.955,3,0.83
0.1844,-0.203,-0.216,1,-0.245
0.1632,-0.991,-0.958,2,0.699
0.0285,0.517,0.541,0,0.058
0.0969,0.489,0.412,0,-0.201
0.1083,0.527,0.552,0,0.532
0.3145,0.181,0.198,2,0.259
0.0639,0.851,0.807,1,0.064
0.1904,0.959,1.026,3,0.262
0.1436,-0.112,-0.203,2,0.226
0.3149,0.972,0.963,2,-0.039
0.1514,-0.936,-0.878,2,-0.3
0.0747,-0.371,-0.353,0,0.084
0.1985,-0.203,-0.103,1,-0.094
0.3182,-0.321,-0.336,5,0.397
0.2257,0.709,0.692,2,0.529
0.1831,0.013,-0.003,1,0.391
0.2602,-0.639,-0.597,4,0.519
0.3805,-0.136,-0.163,3,0.713
0.2325,-0.826,-0.779,3,-0.273
0.1164,0.43,0.407,0,0.459
0.1963,-0.328,-0.293,1,0.695
0.0982,0.611,0.592,1,0.066
0.1628,0.104,0.091,1,-0.425
0.2194,0.822,0.732,2,0.574
0.27,0.972,0.959,1,0.591
0.263,-0.65,-0.742,4,0.835
0.2901,0.149,0.174,1,-0.468
0.228,-0.563,-0.639,1,-0.254
0.1425,-0.342,-0.407,1,0.356
0.2903,-0.309,-0.364,1,-0.277
0.0585,-0.848,-0.901,0,-0.033
0.2601,-0.386,-0.415,3,0.213
0.2805,-0.124,-0.145,0,-0.492
0.2003,-0.201,-0.168,3,0.262
0.2626,0.268,0.23,2,0.98
0.1579,0.43,0.482,1,0.592
0.2792,-0.634,-0.58,2,-0.162
0.2572,0.99,0.917,0,-0.328
0.1558,-0.557,-0.597,2,0.883
0.3969,-0.671,-0.735,6,-0.437
0.1467,0.557,0.559,3,0.83
0.1433,0.064,0.141,3,0.035
0.1933,-0.204,-0.148,3,0.738
0.0581,0.436,0.412,0,-0.333
0.0199,0.791,0.755,0,-0.402
0.3209,0.83,0.852,4,0.984
0.1548,0.742,0.663,0,0.535
0.1327,-0.813,-0.842,0,0.227
0.0923,0.444,0.449,1,0.748
0.2065,-0.684,-0.762,1,0.791
0.1239,-0.786,-0.714,0,-0.086
0.2341,-0.84,-0.801,5,0.293
0.082,-0.579,-0.596,0,0.436
0.1524,0.13,0.037,1,0.254
0.211,0.114,0.127,3,-0.19
0.4274,0.966,0.944,5,-0.083
0.1549,-0.752,-0.75,2,0.347
0.2356,0.954,0.934,4,0.196
0.2955,-0.952,-0.94,0,0.646
0.4139,0.099,0.053,2,-0.294
0.0854,-0.186,-0.157,1,-0.107
0.3659,-0.302,-0.19,2,0.961
0.0864,-0.455,-0.355,1,-0.089
0.0698,-0.943,-0.965,0,0.231
0.0502,0.094,0.042,1,-0.153
0.2554,-0.03,-0.046,0,0.835
0.0927,-0.132,-0.056,1,0.39
0.1552,0.234,0.247,1,0.975
0.1958,-0.853,-0.888,1,-0.206
0.1242,0.23,0.223,1,0.953
0.0341,0.07,0.104,0,0.696
0.2167,-0.274,-0.32,2,0.886
0.1337,-0.024,0.025,0,0.985
0.2223,-0.977,-1.071,3,0.983
0.0624,0.888,0.898,0,0.384
0.4224,-0.624,-0.601,7,-0.29
0.1496,0.765,0.704,0,0.935
0.362,-0.353,-0.29,6,0.2
0.0529,-0.495,-0.55,0,-0.009
0.4608,-0.695,-0.718,4,-0.078
0.2735,-0.872,-0.885,1,0.572
0.0858,-0.589,-0.604,1,0.938
0.3146,0.944,0.961,2,-0.286
0.0801,-0.699,-0.6,1,0.748
0.1913,0.666,0.639,0,0.422
0.1911,-0.383,-0.368,0,-0.477
0.4581,-0.656,-0.708,2,0.643
0.2727,0.36,0.31,2,0.522
0.0748,0.478,0.503,0,-0.183
0.1435,0.613,0.553,0,0.974
0.2687,-0.064,-0.066,0,0.406
0.2951,0.307,0.329,3,-0.419
0.269,-0.843,-0.812,2,-0.173
0.127,-0.731,-0.713,1,-0.066
0.2191,0.557,0.597,2,0.853
0.1025,0.623,0.634,0,-0.335
0.2149,0.604,0.612,0,0.734
0.2061,0.277,0.283,0,0.081
0.0698,-0.445,-0.569,0,0.083
0.1036,0.261,0.294,0,0.911
0.22,-0.02,0.021,1,-0.457
0.3358,0.493,0.577,1,0.646
0.0953,-0.43,-0.392,0,0.183
0.2393,0.672,0.633,1,-0.345
0.2373,0.527,0.488,3,0.618
0.0693,0.279,0.305,0,0.141
0.1097,-0.638,-0.616,0,0.696
0.3111,-0.775,-0.769,0,0.568
0.1422,0.623,0.651,0,0.743
0.4518,-0.064,-0.04,6,0.885
0.0577,-0.649,-0.66,0,0.058
0.2678,-0.573,-0.617,3,0.431
0.109,-0.282,-0.273,0,0.577
0.0152,0.525,0.625,0,0.846
0.1571,-0.415,-0.398,2,-0.238
0.4558,-0.884,-0.898,3,0.726
0.311,-0.404,-0.368,1,-0.417
0.0672,-0.609,-0.652,0,0.029
0.2343,-0.101,0.012,0,-0.082
0.0439,0.055,0.0,0,0.7
0.1415,0.17,0.228,2,0.498
0.5325,-0.589,-0.552,1,0.329
0.2373,0.32,0.315,2,0.276
0.2348,0.78,0.804,1,0.994
0.2194,0.742,0.749,1,-0.18
0.1927,0.601,0.667,2,0.301
0.2142,-0.963,-1.012,1,0.634
0.235,0.699,0.624,6,0.131
0.3141,0.249,0.174,5,-0.144
0.1374,0.456,0.458,3,-0.36
0.0569,0.817,0.807,0,0.278
0.2446,0.949,0.962,5,0.456
0.0582,0.954,1.013,0,0.373
0.1433,-0.28,-0.324,1,-0.436
0.173,0.907,0.969,0,0.759
0.2166,-0.185,-0.18,1,-0.088
0.1259,0.22,0.231,1,0.341
0.1389,0.251,0.277,0,0.759
0.3985,-0.314,-0.277,2,0.953
0.0907,0.995,0.972,1,-0.193
0.0544,0.918,0.931,0,-0.191
0.2982,0.337,0.358,7,0.118
0.0891,0.453,0.442,0,0.916
0.1668,0.075,0.128,1,-0.351
0.3253,-0.132,-0.103,5,0.081
0.0823,-0.814,-0.813,0,0.774
0.0233,0.009,0.033,0,0.875
0.0723,-0.936,-1.032,0,0.498
0.0945,0.351,0.338,0,0.899
0.0576,-0.323,-0.371,0,-0.101
0.0755,0.162,0.101,0,0.938
0.057,-0.157,-0.136,0,-0.403
0.3282,0.454,0.42,1,0.024
0.3237,0.082,-0.015,2,0.189
0.1987,0.133,0.062,1,0.522
0.1284,-0.348,-0.343,2,0.795
0.0472,-0.911,-0.972,0,-0.037
0.1303,-0.959,-1.011,0,0.072
0.0843,-0.047,-0.06,0,0.779
0.0787,0.215,0.238,0,-0.239
0.0866,0.976,0.975,0,0.488
0.1327,0.758,0.786,0,0.535
0.1216,0.92,0.827,1,0.003
0.1835,-0.225,-0.164,3,-0.217
0.1516,-0.776,-0.79,1,0.986
0.1867,-0.53,-0.589,1,0.394
0.1443,0.73,0.7,1,0.542
0.1437,0.424,0.457,0,-0.358
0.1048,0.185,0.197,2,0.242
0.2227,-0.485,-0.515,3,-0.135
0.0591,-0.191,-0.186,0,0.091
0.138,0.106,0.132,2,0.717
0.0275,0.202,0.203,0,0.334
0.1481,-0.371,-0.346,0,0.508
0.201,0.758,0.684,1,0.185
0.1473,-0.963,-0.981,1,0.526
0.1058,0.493,0.473,0,-0.335
0.0298,-0.092,-0.096,0,-0.439
0.263,0.226,0.233,3,0.213
0.3557,0.364,0.431,3,0.174
0.2201,-0.596,-0.565,2,0.532
0.0568,0.117,0.092,1,0.06
0.1188,0.263,0.214,2,-0.306
0.144,-0.506,-0.509,0,0.966
0.1269,0.114,0.081,0,-0.373
0.352,-0.364,-0.394,1,0.935
0.1466,-0.81,-0.752,0,-0.181
0.2666,0.641,0.575,2,-0.224
0.1136,0.518,0.533,1,0.721
0.0955,-0.555,-0.599,2,0.564
0.3684,-0.457,-0.491,1,0.709
0.074,-0.649,-0.657,0,-0.129
0.0877,-0.209,-0.189,0,0.747
0.2707,0.167,0.172,3,0.978
0.0078,-0.388,-0.371,0,0.505
0.3016,0.764,0.815,1,0.103
0.2117,0.309,0.295,1,0.878
0.1086,0.862,0.886,0,0.329
0.3158,0.031,0.066,6,-0.446
0.1183,0.493,0.503,0,0.707
0.1336,-0.922,-1.01,2,0.841
0.2447,-0.442,-0.453,3,-0.36
0.208,0.995,0.972,1,0.103
0.1652,0.861,0.907,1,0.643
0.207,0.199,0.187,3,0.764
0.1509,-0.278,-0.315,1,0.793
0.4137,0.304,0.378,4,0.874
0.1344,-0.583,-0.62,0,0.916
0.0844,0.315,0.306,0,0.722
0.1111,0.823,0.812,1,-0.471
0.0459,0.645,0.656,0,0.656
0.1473,0.265,0.255,1,0.389
0.2801,-0.626,-0.545,3,-0.078
0.1057,0.949,0.998,2,0.533
0.117,0.126,0.162,0,-0.334
0.1628,-0.873,-0.932,1,0.979
0.2625,0.314,0.238,2,0.201
0.0207,0.41,0.5,0,0.306
0.1722,-0.181,-0.155,3,0.749
0.1235,-0.055,-0.046,1,-0.034
0.2637,-0.361,-0.399,3,-0.113
0.3489,0.939,1.028,0,-0.056
0.3536,-0.693,-0.654,5,0.348
0.257,0.729,0.785,6,0.889
0.0959,-0.5,-0.405,0,0.98
0.2229,0.857,0.89,3,0.964
0.2681,-0.133,-0.151,6,-0.44
0.209,0.634,0.692,1,0.874
0.115,-0.581,-0.596,0,0.25
0.2951,0.596,0.569,5,0.353
0.0654,0.72,0.684,0,0.652
0.1696,0.3,0.301,1,-0.374
0.1615,-0.547,-0.465,1,0.157
0.0498,0.774,0.866,0,0.116
0.1676,0.157,0.059,0,-0.226
0.1333,-0.296,-0.35,1,-0.359
0.2615,0.979,1.0,5,0.56
0.1889,-0.929,-0.883,0,0.903
0.1997,-0.268,-0.264,4,0.29
0.477,0.578,0.552,3,0.294
0.1002,0.221,0.248,2,0.442
0.0568,-0.801,-0.77,0,0.071
0.4252,-0.319,-0.357,4,-0.282
0.0353,-0.661,-0.637,0,0.059
0.147,-0.57,-0.584,2,0.834
0.1199,-0.973,-1.009,1,0.108
0.2054,-0.109,-0.033,3,0.019
0.2213,0.771,0.801,0,0.446
0.2266,-0.057,-0.076,4,0.934
0.1342,-0.2,-0.146,0,0.178
0.2046,-0.346,-0.316,1,-0.006
0.0465,0.133,0.067,1,-0.31
0.225,-0.702,-0.708,2,0.978
0.316,0.971,0.914,3,-0.17
0.2249,-0.638,-0.578,2,0.386
0.1429,0.872,0.854,1,-0.092
0.1123,0.396,0.378,1,0.304
0.1125,-0.261,-0.266,1,0.274
0.2798,0.388,0.408,1,0.404
0.2107,0.516,0.58,4,0.001
0.2272,0.395,0.321,3,0.214
0.1997,-0.726,-0.784,2,0.33
0.183,-0.927,-0.939,3,-0.222
0.1326,0.579,0.555,3,0.642
0.0673,-0.395,-0.341,0,-0.302
0.2683,-0.057,-0.087,0,0.326
0.1184,-0.291,-0.37,2,-0.123
0.1388,0.776,0.759,1,0.837
0.4226,-0.789,-0.903,4,0.987
0.2577,0.141,0.178,3,0.826
0.1231,0.477,0.534,2,0.844
0.2231,-0.089,-0.085,1,0.045
0.0972,0.461,0.466,1,-0.065
0.1302,0.015,-0.061,1,0.539
0.3442,-0.131,-0.057,2,-0.238
0.086,-0.271,-0.253,1,0.983
0.0553,-0.612,-0.702,0,0.608
0.0849,0.779,0.901,0,0.156
0.0621,-0.726,-0.693,0,0.713
0.0725,-0.763,-0.689,1,0.671
0.2495,-0.857,-0.878,0,0.641
0.3147,-0.399,-0.43,1,0.357
0.3269,0.217,0.221,3,0.653
0.0388,1.0,0.927,0,-0.256
0.228,0.981,1.025,4,0.061
0.1969,0.16,0.133,0,0.637
0.0527,0.125,0.041,0,-0.375
0.1591,0.023,-0.022,0,0.533
0.1919,-0.267,-0.332,5,0.468
0.2992,0.738,0.787,3,-0.47
0.0123,-0.009,-0.065,0,0.805
0.4069,-0.527,-0.543,0,-0.273
0.1697,0.89,0.873,0,0.9
0.1471,-0.846,-0.765,0,0.205
0.0896,-0.315,-0.301,0,-0.161
0.2987,-0.162,-0.217,6,0.648
0.1424,0.027,0.125,1,0.414
0.3291,0.97,0.951,4,-0.459
0.256,0.523,0.562,2,0.932
0.3545,-0.117,-0.086,2,0.294
0.3214,-0.783,-0.825,2,0.927
0.273,-0.979,-1.01,1,0.51
0.2211,-0.514,-0.547,3,0.727
0.1571,-0.024,0.02,0,0.102
0.3119,0.079,0.053,0,0.799
0.0361,-0.626,-0.65,0,0.429
0.0781,-0.688,-0.559,0,-0.216
0.2415,0.6,0.669,3,0.748
0.2911,-0.84,-0.899,4,-0.499
0.3218,-0.288,-0.204,4,0.613
0.0092,-0.563,-0.596,0,0.438
0.0465,-0.848,-0.814,0,0.776
0.159,0.565,0.526,1,0.619
0.1075,0.398,0.461,0,-0.45
0.2985,0.44,0.405,1,0.751
0.1362,-0.203,-0.132,0,-0.021
0.1664,0.249,0.242,0,-0.439
0.5494,-0.067,-0.032,3,0.847
0.04,0.369,0.317,0,0.767
0.2006,-0.385,-0.305,2,0.538
0.0187,-0.568,-0.551,0,0.348
0.1844,0.449,0.452,1,0.168
0.0276,-0.124,-0.078,0,-0.143
0.0216,0.635,0.731,0,0.053
0.1716,-0.835,-0.818,0,0.93
0.3155,0.707,0.755,3,-0.384
0.3051,0.62,0.601,6,-0.413
0.1489,-0.043,-0.013,2,-0.221
0.0895,-0.251,-0.136,0,-0.49
0.0758,0.193,0.128,1,0.124
0.0269,-0.302,-0.299,0,-0.171
0.3633,0.748,0.725,1,0.356
0.0335,0.503,0.496,0,-0.19
0.1868,0.321,0.401,2,-0.329
0.0814,0.188,0.156,2,-0.185
0.2991,0.217,0.303,3,0.814
0.2296,-0.948,-0.992,2,0.752
0.262,0.618,0.576,0,0.731
0.3281,-0.496,-0.486,0,-0.133
0.1132,0.088,0.041,1,-0.452
0.0668,0.626,0.663,0,0.872
0.0419,-0.646,-0.667,0,0.523
0.1885,-0.403,-0.414,1,-0.457
0.0575,0.886,0.996,0,-0.351
0.415,0.535,0.533,6,0.585
0.1186,-0.274,-0.24,1,-0.114
0.4447,-0.057,-0.026,3,-0.409
0.4167,0.674,0.597,0,0.498
0.174,-0.728,-0.705,1,0.424
0.0651,0.295,0.284,0,0.875
0.4971,-0.331,-0.315,8,0.698
0.1975,-0.736,-0.797,2,-0.317
0.0344,0.642,0.627,0,-0.33
0.2094,-0.615,-0.607,1,-0.397
0.3975,0.462,0.44,8,-0.309
0.0244,-0.269,-0.263,0,-0.432
0.3182,-0.539,-0.5,3,0.188
0.1449,-0.93,-0.888,2,0.477
0.2095,0.5,0.532,0,0.024
0.074,-0.205,-0.151,0,0.52
0.1356,-0.712,-0.745,1,0.9
0.0913,-0.524,-0.512,0,0.136
0.1373,-0.496,-0.505,0,-0.089
0.252,0.544,0.488,1,0.922
0.2454,0.076,0.08,3,0.687
0.1423,0.438,0.586,2,0.826
0.345,0.315,0.334,4,-0.003
0.4474,-0.985,-0.961,8,0.359
0.1283,-0.055,-0.053,1,0.07
0.0591,-0.118,-0.123,1,0.714
0.3601,-0.929,-0.941,6,0.795
0.2866,0.051,0.118,6,0.762
0.2612,-0.757,-0.767,0,-0.078
0.1772,0.751,0.745,0,-0.103
0.18,0.291,0.351,2,0.919
0.3145,-0.219,-0.16,4,0.468
0.186,-0.324,-0.38,1,0.997
0.2928,-0.246,-0.082,2,0.833
0.5428,0.889,0.845,9,-0.331
0.1502,0.394,0.435,1,0.964
0.2609,-0.495,-0.522,3,-0.203
0.1187,0.976,1.075,2,-0.424
0.0818,0.128,0.045,2,-0.264
0.3807,0.529,0.564,2,-0.161
0.2669,-0.348,-0.396,3,0.468
0.2037,0.034,-0.015,3,0.572
0.2984,-0.394,-0.307,2,-0.199
0.253,-0.176,-0.187,2,-0.423
0.2138,0.912,0.932,1,0.37
0.2019,-0.657,-0.649,3,-0.235
0.0805,0.986,0.979,0,0.434
0.204,-0.528,-0.528,1,0.484
0.214,-0.701,-0.613,3,0.053
0.276,-0.515,-0.468,1,0.866
0.1873,0.274,0.282,5,0.62
0.0994,-0.997,-0.952,0,0.62
0.2793,-0.884,-0.855,1,0.375
0.288,-0.219,-0.281,2,0.148
0.341,-0.691,-0.699,2,0.223
0.3088,0.345,0.303,2,0.425
0.0724,-0.139,-0.11,2,0.181
0.3089,-0.484,-0.443,4,0.282
0.1474,0.612,0.649,1,-0.11
0.2303,-0.49,-0.466,5,-0.36
0.0659,-0.957,-0.972,1,0.677
0.308,-0.037,-0.01,1,-0.144
0.1177,-0.343,-0.32,1,0.137
0.1993,0.933,0.949,0,-0.047
0.2296,0.773,0.756,2,-0.047
0.1723,-0.57,-0.468,2,0.236
0.1019,0.574,0.591,1,0.754
0.4721,0.5,0.427,5,-0.259
0.2282,-0.099,-0.077,2,0.638
0.0903,-0.689,-0.629,0,0.301
0.0451,-0.351,-0.374,0,0.973
0.2419,-0.674,-0.617,2,-0.094
0.5007,0.254,0.316,10,0.104
0.1912,0.046,0.064,1,-0.152
0.0188,-0.154,-0.125,0,0.855
0.0333,-0.022,-0.033,0,0.272
0.0748,-0.003,-0.027,0,0.965
0.2622,0.13,0.068,4,-0.263
0.2096,0.229,0.323,0,0.012
0.0893,0.154,0.113,0,0.317
0.2877,0.842,0.846,3,0.222
0.2797,-0.117,-0.155,4,-0.029
0.2356,0.579,0.702,3,-0.421
0.1463,0.075,0.076,2,0.275
0.1022,-0.614,-0.515,0,0.451
0.1418,-0.569,-0.635,1,0.291
0.2791,0.296,0.287,0,-0.028
0.1464,0.226,0.218,0,0.817
0.1024,-0.909,-0.904,1,0.55
0.31,-0.976,-0.938,3,-0.002
0.2997,0.022,0.03,2,-0.453
0.0703,-0.738,-0.725,0,0.389
0.1929,0.375,0.353,1,-0.032
0.0428,0.334,0.379,0,0.505
0.0938,-0.492,-0.423,1,0.616
0.2122,0.871,0.881,1,0.794
0.4513,-0.876,-0.869,4,0.913
0.2038,0.323,0.318,2,-0.256
0.1634,-0.37,-0.379,0,-0.129
0.1039,0.741,0.736,0,0.909
0.2498,-0.058,-0.079,5,0.834
0.0935,0.068,0.093,1,-0.145
0.2365,-0.985,-1.038,3,0.835
0.09,0.072,0.033,0,0.492
0.2459,-0.405,-0.426,3,0.684
0.166,-0.322,-0.424,0,0.772
0.1062,0.437,0.444,0,0.356
0.0964,-0.061,-0.086,1,0.899
0.2268,0.231,0.267,2,-0.145
0.5033,0.137,0.17,1,-0.115
0.3183,-0.928,-0.89,3,0.747
0.2043,0.461,0.488,2,0.446
0.2823,-0.449,-0.473,4,-0.168
0.5669,-0.18,-0.151,11,-0.166
0.1638,0.442,0.47,3,0.55
0.1804,-0.257,-0.256,3,0.184
0.0999,0.268,0.32,0,0.384
0.0729,0.665,0.668,0,0.192
0.2589,-0.703,-0.637,0,0.107
0.1474,-0.237,-0.234,2,0.272
0.0778,0.389,0.339,0,0.073
0.2189,0.596,0.551,3,0.374
0.26,0.552,0.584,1,0.93
0.2927,0.56,0.578,4,0.14
0.0499,0.503,0.542,0,0.08
0.1347,-0.183,-0.099,0,-0.318
0.2304,0.248,0.301,2,-0.152
0.0932,0.218,0.226,0,0.402
0.1245,0.012,0.089,1,0.264
0.1198,0.227,0.227,1,0.706
0.1017,0.81,0.884,0,-0.199
0.2202,-0.111,-0.148,3,0.546
0.5156,-0.214,-0.192,5,-0.08
0.0437,0.59,0.558,0,-0.013
0.1344,0.931,0.987,0,-0.137
0.0173,-0.048,-0.083,0,0.63
0.2208,-0.416,-0.38,0,0.235
0.0946,0.84,0.721,0,0.303
0.2385,0.2,0.19,1,-0.45
0.0361,0.387,0.369,0,-0.291
0.1381,-0.218,-0.317,0,-0.403
0.1065,-0.156,-0.093,0,-0.012
0.0902,-0.709,-0.724,1,0.387
0.4074,0.219,0.209,1,0.523
0.1109,0.882,0.896,1,0.899
0.4239,0.444,0.465,6,0.856
0.2437,0.791,0.784,5,0.278
0.1841,0.714,0.747,1,0.319
0.207,-0.692,-0.686,0,0.461
0.1155,0.568,0.62,1,0.671
0.1096,0.464,0.406,1,0.478
0.113,0.565,0.6,1,0.562
0.0763,0.014,0.011,0,-0.388
0.096,-0.782,-0.88,0,-0.451
0.3479,-0.31,-0.355,3,0.992
0.295,0.838,0.793,3,-0.378
0.0825,0.029,0.012,1,0.567
0.172,-0.686,-0.734,1,0.779
0.2603,0.201,0.214,2,0.463
0.1177,-0.422,-0.402,0,0.027
0.2646,0.677,0.687,2,-0.252
0.2746,0.316,0.335,2,0.149
0.1816,0.69,0.669,1,0.98
0.1363,-0.764,-0.849,0,-0.005
0.3082,0.191,0.165,5,-0.47
0.1062,0.944,0.985,1,0.576
0.1405,-0.965,-1.004,0,-0.332
0.1992,0.819,0.783,1,-0.462
0.0549,-0.466,-0.472,0,0.41
0.14,-0.647,-0.678,0,0.037
0.1917,-0.893,-0.823,4,0.573
0.2888,0.685,0.664,5,0.62
0.3693,0.885,0.859,1,-0.272
0.2399,0.915,0.934,2,0.929
0.1328,-0.418,-0.422,0,0.482
0.3,0.389,0.425,4,0.912
0.0106,0.806,0.805,0,0.897
0.1082,-0.578,-0.569,2,0.055
0.3625,-0.667,-0.673,4,0.781
0.1061,-0.068,-0.042,1,0.947
0.2099,-0.186,-0.274,0,-0.105
0.3798,0.876,0.899,0,-0.385
0.0361,0.685,0.616,0,-0.278
0.0246,-0.123,-0.193,0,0.699
0.3091,0.703,0.739,4,-0.473
0.1027,0.291,0.346,1,0.104
0.1418,-0.642,-0.614,3,-0.188
0.2697,0.43,0.394,4,0.936
0.1112,-0.494,-0.401,2,0.606
0.1098,-0.938,-0.916,1,0.902
0.0934,-0.149,-0.218,2,-0.377
0.011,0.651,0.634,0,0.176
0.074,0.066,0.073,0,-0.293
0.136,0.04,0.041,1,-0.128
0.2402,0.526,0.446,2,-0.228
0.3296,0.498,0.367,7,0.811
0.089,-0.894,-0.823,0,-0.01
0.0668,0.566,0.61,1,0.523
0.1348,-0.34,-0.371,2,-0.401
0.2033,0.149,0.184,3,0.341
0.3078,0.639,0.634,5,0.358
0.0894,0.227,0.261,0,-0.422
0.3256,0.433,0.39,2,-0.278
0.1359,-0.803,-0.83,0,0.341
0.2329,-0.802,-0.824,1,0.649
0.0948,0.317,0.352,0,0.271
0.1462,0.104,0.096,1,0.883
0.2254,-0.704,-0.695,1,0.618
0.1136,0.455,0.363,0,0.045
0.1838,0.56,0.529,1,-0.141
0.2634,-0.136,-0.113,2,0.652
0.112,0.01,0.003,1,0.782
0.1881,0.256,0.257,1,-0.266
0.0766,0.883,0.848,0,-0.02
0.156,0.049,0.012,0,0.935
0.364,-0.981,-1.044,0,0.697
0.4727,0.9,0.896,6,0.747
0.2226,-0.252,-0.319,4,0.062
0.5006,-0.149,-0.109,2,-0.285
0.0793,-0.875,-0.934,0,0.807
0.148,-0.515,-0.454,1,0.154
0.1533,-0.206,-0.279,0,0.986
0.3674,-0.704,-0.594,0,0.275
0.1305,0.255,0.217,0,0.655
0.552,0.813,0.791,3,0.576
0.3587,-0.373,-0.473,3,0.854
0.1407,-0.338,-0.333,2,-0.259
0.4118,-0.33,-0.302,6,0.517
0.1291,0.988,0.999,1,0.523
0.0785,0.305,0.33,0,0.261
0.1744,-0.773,-0.747,3,-0.221
0.2922,0.587,0.557,0,0.607
0.0559,-0.795,-0.864,1,0.449
0.2574,-0.56,-0.561,2,0.412
0.1694,0.83,0.883,1,0.571
0.0818,0.607,0.625,1,0.232
0.2197,0.518,0.542,3,-0.213
0.1507,0.933,0.991,3,-0.176
0.1288,-0.774,-0.701,1,-0.337
0.4614,0.031,-0.086,6,0.793
