timestamp,campaign_id,variant,ctr,sentiment,polarity,conversions,trend_score
2024-11-23T00:00:00,cmp_8,A,0.2472,-0.688,-0.674,2,0.562
2024-05-20T00:00:00,cmp_16,A,0.2856,-0.418,-0.514,3,0.418
2024-03-12T00:00:00,cmp_48,A,0.3821,0.185,0.191,9,-0.244
2024-12-12T00:00:00,cmp_48,C,0.1246,0.819,0.766,2,-0.112
2024-02-14T00:00:00,cmp_38,B,0.0544,0.879,0.89,0,0.883
2024-01-17T00:00:00,cmp_2,A,0.42,-0.286,-0.322,13,-0.079
2024-04-21T00:00:00,cmp_15,C,0.0898,0.414,0.459,2,-0.389
2024-11-04T00:00:00,cmp_2,C,0.3071,-0.35,-0.359,6,0.594
2024-04-11T00:00:00,cmp_46,C,0.2659,0.542,0.711,8,0.141
2024-12-25T00:00:00,cmp_35,B,0.0557,-0.846,-0.872,0,-0.065
2024-04-22T00:00:00,cmp_29,C,0.1186,0.636,0.503,3,-0.167
2024-05-22T00:00:00,cmp_1,A,0.132,0.944,0.953,1,0.944
2024-12-23T00:00:00,cmp_28,B,0.0946,0.817,0.788,1,0.234
2024-05-22T00:00:00,cmp_10,A,0.0879,0.072,0.002,0,-0.365
2024-06-21T00:00:00,cmp_7,A,0.2206,0.024,0.056,9,-0.238
2024-07-13T00:00:00,cmp_7,B,0.0857,0.755,0.739,2,-0.113
2024-06-25T00:00:00,cmp_39,B,0.0391,0.801,0.729,0,0.024
2024-01-23T00:00:00,cmp_47,B,0.2092,-0.551,-0.527,5,0.568
2024-10-01T00:00:00,cmp_8,B,0.2679,-0.813,-0.881,10,-0.134
2024-02-10T00:00:00,cmp_36,B,0.1095,0.445,0.581,3,-0.079
2024-11-17T00:00:00,cmp_40,B,0.2398,-0.411,-0.359,7,-0.025
2024-10-22T00:00:00,cmp_13,C,0.1875,0.98,0.988,5,-0.29
2024-02-05T00:00:00,cmp_3,C,0.2415,0.619,0.634,7,0.87
2024-04-26T00:00:00,cmp_50,B,0.1599,-0.324,-0.291,0,0.063
2024-02-10T00:00:00,cmp_15,A,0.6555,-0.939,-0.984,18,0.283
2024-07-13T00:00:00,cmp_18,B,0.1402,0.275,0.242,1,0.589
2024-11-21T00:00:00,cmp_24,A,0.1024,0.672,0.633,1,-0.24
2024-07-08T00:00:00,cmp_23,A,0.5097,0.476,0.522,5,0.332
2024-12-09T00:00:00,cmp_18,C,0.3989,-0.908,-0.92,3,-0.353
2024-12-15T00:00:00,cmp_42,A,0.2929,-0.909,-0.981,10,0.062
2024-11-07T00:00:00,cmp_41,A,0.0714,-0.947,-0.915,1,0.363
2024-09-30T00:00:00,cmp_47,A,0.2019,0.811,0.84,0,-0.206
2024-03-24T00:00:00,cmp_30,B,0.2531,0.69,0.659,7,0.545
2024-05-18T00:00:00,cmp_41,C,0.1825,0.614,0.586,5,0.986
2024-10-12T00:00:00,cmp_15,C,0.2581,0.502,0.482,3,0.854
2024-06-15T00:00:00,cmp_50,A,0.1908,0.147,0.14,2,0.448
2024-04-27T00:00:00,cmp_3,B,0.2661,-0.818,-0.853,3,0.324
2024-07-24T00:00:00,cmp_18,A,0.1573,-0.798,-0.826,5,-0.374
2024-04-18T00:00:00,cmp_37,C,0.1194,-0.251,-0.193,3,0.921
2024-06-10T00:00:00,cmp_14,C,0.0984,-0.015,-0.023,0,-0.483
2024-09-12T00:00:00,cmp_26,C,0.2746,0.924,0.852,7,0.803
2024-08-22T00:00:00,cmp_10,B,0.0603,0.255,0.303,1,0.376
2024-03-12T00:00:00,cmp_16,C,0.5313,-0.073,-0.021,7,-0.383
2024-10-14T00:00:00,cmp_35,B,0.0443,0.645,0.67,1,0.925
2024-10-26T00:00:00,cmp_28,C,0.3578,-0.453,-0.391,16,-0.415
2024-07-23T00:00:00,cmp_24,A,0.1767,0.699,0.683,2,-0.306
2024-03-11T00:00:00,cmp_33,B,0.0751,0.343,0.407,3,0.28
2024-02-16T00:00:00,cmp_49,A,0.3055,-0.732,-0.658,3,-0.181
2024-02-26T00:00:00,cmp_10,C,0.3888,-0.303,-0.405,11,0.271
2024-03-22T00:00:00,cmp_44,B,0.0375,-0.015,0.041,0,-0.14
2024-11-01T00:00:00,cmp_5,B,0.0612,-0.052,-0.105,0,0.501
2024-07-14T00:00:00,cmp_39,B,0.1588,-0.759,-0.831,0,0.046
2024-09-27T00:00:00,cmp_17,C,0.1956,0.842,0.853,5,-0.408
2024-01-06T00:00:00,cmp_44,C,0.1477,0.237,0.206,2,0.621
2024-02-28T00:00:00,cmp_44,C,0.4625,0.065,0.024,2,0.066
2024-05-16T00:00:00,cmp_50,C,0.0532,-0.003,0.041,1,-0.37
2024-06-23T00:00:00,cmp_8,B,0.0838,0.292,0.196,0,0.98
2024-08-10T00:00:00,cmp_11,B,0.3478,-0.43,-0.454,8,-0.24
2024-01-02T00:00:00,cmp_47,C,0.2133,0.939,0.951,6,-0.113
2024-05-14T00:00:00,cmp_33,A,0.3434,-0.626,-0.599,3,-0.014
2024-09-16T00:00:00,cmp_7,C,0.2718,-0.691,-0.552,1,-0.422
2024-06-01T00:00:00,cmp_41,C,0.3504,0.52,0.484,11,0.118
2024-11-07T00:00:00,cmp_13,A,0.264,-0.867,-0.843,2,0.763
2024-07-10T00:00:00,cmp_49,A,0.3455,0.046,0.025,13,0.038
2024-10-03T00:00:00,cmp_50,C,0.033,0.495,0.416,1,0.849
2024-01-01T00:00:00,cmp_39,B,0.1366,-0.697,-0.693,0,-0.032
2024-09-07T00:00:00,cmp_2,A,0.3362,0.643,0.63,8,0.696
2024-07-04T00:00:00,cmp_20,A,0.054,-0.496,-0.446,1,0.019
2024-01-30T00:00:00,cmp_16,C,0.0981,0.744,0.749,1,0.545
2024-02-10T00:00:00,cmp_6,C,0.3817,0.869,0.963,14,0.888
2024-09-05T00:00:00,cmp_5,C,0.4508,-0.33,-0.381,8,0.306
2024-03-05T00:00:00,cmp_9,C,0.0692,-0.718,-0.731,2,-0.235
2024-08-31T00:00:00,cmp_36,A,0.4914,0.327,0.314,15,-0.372
2024-05-15T00:00:00,cmp_34,C,0.0763,-0.927,-0.919,2,0.208
2024-08-04T00:00:00,cmp_14,C,0.6343,0.119,0.102,9,0.793
2024-12-19T00:00:00,cmp_13,C,0.1551,0.432,0.429,0,0.488
2024-06-08T00:00:00,cmp_26,C,0.1973,-0.524,-0.536,4,0.583
2024-11-28T00:00:00,cmp_24,B,0.1702,-0.974,-1.021,1,-0.372
2024-09-21T00:00:00,cmp_29,A,0.022,-0.316,-0.351,0,0.385
2024-05-06T00:00:00,cmp_15,A,0.0386,-0.15,-0.152,0,-0.466
2024-06-22T00:00:00,cmp_2,C,0.2685,0.303,0.28,7,-0.484
2024-10-10T00:00:00,cmp_15,C,0.4033,-0.906,-0.97,10,-0.251
2024-04-22T00:00:00,cmp_1,A,0.1847,0.438,0.467,0,0.214
2024-12-28T00:00:00,cmp_41,A,0.0423,0.194,0.2,1,0.001
2024-04-27T00:00:00,cmp_5,A,0.1971,-0.278,-0.344,7,0.313
2024-06-18T00:00:00,cmp_5,C,0.1199,-0.021,0.002,3,-0.168
2024-05-01T00:00:00,cmp_18,C,0.0539,0.889,0.945,0,0.767
2024-09-05T00:00:00,cmp_14,C,0.1934,0.393,0.378,3,0.01
2024-03-08T00:00:00,cmp_47,C,0.3444,0.772,0.705,14,-0.463
2024-10-22T00:00:00,cmp_31,A,0.2868,0.255,0.325,8,0.811
2024-08-30T00:00:00,cmp_27,A,0.1459,-0.407,-0.504,3,0.519
2024-02-18T00:00:00,cmp_7,C,0.0673,-0.666,-0.632,1,0.987
2024-08-08T00:00:00,cmp_23,B,0.1338,0.559,0.534,3,0.954
2024-07-29T00:00:00,cmp_30,C,0.1896,0.074,0.106,6,0.389
2024-01-28T00:00:00,cmp_44,C,0.1302,0.724,0.751,1,0.326
2024-11-26T00:00:00,cmp_7,A,0.3156,-0.56,-0.47,5,0.525
2024-07-25T00:00:00,cmp_47,B,0.5446,0.356,0.274,20,0.818
2024-02-25T00:00:00,cmp_16,A,0.1869,0.36,0.385,7,0.428
2024-04-07T00:00:00,cmp_35,B,0.153,-0.678,-0.657,4,0.261
2024-03-12T00:00:00,cmp_28,A,0.2464,0.083,0.094,8,0.944
2024-05-22T00:00:00,cmp_30,A,0.1232,-0.865,-0.955,4,0.431
2024-02-08T00:00:00,cmp_29,C,0.2016,-0.108,-0.111,6,-0.09
2024-02-20T00:00:00,cmp_4,C,0.0636,0.309,0.298,1,0.915
2024-10-03T00:00:00,cmp_1,A,0.0716,-0.54,-0.528,1,-0.18
2024-05-01T00:00:00,cmp_11,B,0.1927,0.522,0.475,7,-0.451
2024-09-05T00:00:00,cmp_31,A,0.2629,-0.017,0.073,8,-0.404
2024-07-24T00:00:00,cmp_4,A,0.2462,-0.215,-0.091,8,-0.063
2024-07-13T00:00:00,cmp_1,B,0.1728,0.973,0.971,4,-0.286
2024-05-15T00:00:00,cmp_30,B,0.1529,-0.824,-0.837,3,-0.382
2024-08-04T00:00:00,cmp_45,C,0.201,-0.791,-0.762,8,0.455
2024-10-11T00:00:00,cmp_43,C,0.225,0.428,0.399,4,0.722
2024-09-06T00:00:00,cmp_10,A,0.2055,-0.879,-0.869,1,-0.129
2024-05-31T00:00:00,cmp_14,A,0.2826,0.111,0.064,1,0.995
2024-10-23T00:00:00,cmp_48,C,0.2894,0.454,0.371,4,0.614
2024-02-01T00:00:00,cmp_48,B,0.1527,-0.027,-0.109,5,0.389
2024-01-30T00:00:00,cmp_4,C,0.1454,0.818,0.838,5,-0.23
2024-09-01T00:00:00,cmp_33,C,0.5693,-0.673,-0.654,18,-0.113
2024-03-21T00:00:00,cmp_4,C,0.1712,-0.853,-0.829,5,-0.245
2024-02-11T00:00:00,cmp_12,A,0.0517,-0.666,-0.624,0,0.212
2024-10-31T00:00:00,cmp_5,C,0.3369,0.873,0.871,10,-0.441
2024-04-30T00:00:00,cmp_26,A,0.3452,0.973,0.98,6,0.802
2024-10-18T00:00:00,cmp_16,C,0.1722,0.347,0.295,2,0.955
2024-10-31T00:00:00,cmp_3,C,0.1474,0.889,0.887,0,0.427
2024-02-11T00:00:00,cmp_27,C,0.343,0.318,0.377,9,0.091
2024-10-25T00:00:00,cmp_37,C,0.1554,0.134,0.162,4,0.106
2024-06-10T00:00:00,cmp_17,A,0.2399,-0.76,-0.691,6,0.317
2024-12-08T00:00:00,cmp_46,B,0.1805,-0.545,-0.537,3,0.502
2024-05-02T00:00:00,cmp_17,B,0.2592,-0.318,-0.203,5,0.07
2024-03-08T00:00:00,cmp_43,C,0.3087,0.911,0.898,5,0.891
2024-06-02T00:00:00,cmp_30,B,0.298,0.078,0.023,3,-0.033
2024-02-07T00:00:00,cmp_1,B,0.0893,-0.637,-0.545,3,-0.34
2024-11-14T00:00:00,cmp_37,A,0.1918,0.266,0.334,7,0.927
2024-02-07T00:00:00,cmp_35,A,0.1328,0.68,0.666,5,-0.145
2024-09-16T00:00:00,cmp_17,A,0.3229,-0.096,-0.082,9,0.38
2024-06-27T00:00:00,cmp_5,A,0.1644,0.214,0.137,6,0.086
2024-07-08T00:00:00,cmp_19,A,0.265,0.435,0.517,5,0.539
2024-08-12T00:00:00,cmp_35,C,0.1467,-0.616,-0.671,0,0.032
2024-06-03T00:00:00,cmp_40,C,0.0981,0.302,0.224,2,0.299
2024-09-27T00:00:00,cmp_1,C,0.3551,0.125,0.075,8,0.304
2024-10-10T00:00:00,cmp_20,C,0.1908,-0.531,-0.501,8,0.099
2024-02-23T00:00:00,cmp_9,B,0.4361,-0.745,-0.72,3,0.563
2024-02-29T00:00:00,cmp_7,C,0.4118,-0.106,-0.081,8,0.401
2024-10-10T00:00:00,cmp_10,B,0.1935,0.736,0.764,1,-0.043
2024-05-24T00:00:00,cmp_39,A,0.2489,0.645,0.645,7,-0.301
2024-06-24T00:00:00,cmp_14,C,0.2685,-0.265,-0.24,4,0.149
2024-11-20T00:00:00,cmp_17,C,0.2665,0.3,0.33,3,-0.272
2024-09-07T00:00:00,cmp_17,A,0.2161,-0.716,-0.734,5,-0.348
2024-02-17T00:00:00,cmp_41,B,0.0924,0.248,0.308,3,0.291
2024-05-21T00:00:00,cmp_3,A,0.0601,0.655,0.699,0,-0.483
2024-06-19T00:00:00,cmp_50,A,0.3137,-0.57,-0.55,7,-0.482
2024-11-22T00:00:00,cmp_17,A,0.3406,-0.7,-0.642,6,0.214
2024-08-14T00:00:00,cmp_36,C,0.1161,-0.125,-0.073,5,-0.118
2024-08-06T00:00:00,cmp_36,A,0.5073,0.273,0.241,9,0.278
2024-02-27T00:00:00,cmp_5,C,0.2204,-0.976,-0.967,3,0.935
2024-03-17T00:00:00,cmp_35,A,0.3849,-0.652,-0.638,1,0.647
2024-07-08T00:00:00,cmp_38,C,0.0779,-0.236,-0.274,1,-0.191
2024-03-16T00:00:00,cmp_28,A,0.1316,0.597,0.67,1,0.622
2024-01-22T00:00:00,cmp_20,B,0.5055,0.226,0.128,4,0.915
2024-01-21T00:00:00,cmp_23,A,0.1711,0.723,0.765,6,0.191
2024-12-15T00:00:00,cmp_16,C,0.0913,0.875,0.81,1,-0.435
2024-02-22T00:00:00,cmp_23,C,0.1024,0.466,0.581,2,0.263
2024-07-27T00:00:00,cmp_40,C,0.2272,-0.077,-0.043,7,-0.486
2024-03-20T00:00:00,cmp_16,A,0.2029,0.11,0.146,4,-0.218
2024-03-31T00:00:00,cmp_27,A,0.4314,-0.264,-0.232,13,-0.01
2024-04-01T00:00:00,cmp_48,B,0.4324,-0.217,-0.133,14,-0.495
2024-07-29T00:00:00,cmp_43,C,0.1228,-0.87,-0.742,3,0.37
2024-05-07T00:00:00,cmp_18,A,0.2633,-0.003,0.053,5,0.562
2024-12-25T00:00:00,cmp_7,B,0.1411,-0.559,-0.652,3,0.397
2024-01-20T00:00:00,cmp_31,A,0.2876,0.68,0.74,3,0.382
2024-04-12T00:00:00,cmp_30,B,0.0252,0.881,0.793,0,-0.111
2024-06-05T00:00:00,cmp_15,A,0.1064,0.531,0.549,4,-0.297
2024-01-13T00:00:00,cmp_43,A,0.0766,-0.506,-0.516,1,0.859
2024-07-23T00:00:00,cmp_22,B,0.3897,-0.933,-0.928,1,0.117
2024-02-05T00:00:00,cmp_50,B,0.07,-0.895,-0.869,2,0.128
2024-06-28T00:00:00,cmp_42,C,0.3834,-0.072,-0.068,3,0.024
2024-07-23T00:00:00,cmp_44,C,0.2076,-0.77,-0.713,6,0.79
2024-06-18T00:00:00,cmp_2,A,0.0929,-0.668,-0.69,0,0.118
2024-05-13T00:00:00,cmp_12,C,0.4489,0.573,0.642,6,-0.198
2024-05-15T00:00:00,cmp_3,A,0.1226,0.759,0.741,2,0.177
2024-11-01T00:00:00,cmp_28,B,0.221,-0.239,-0.277,6,0.663
2024-06-09T00:00:00,cmp_28,C,0.3462,0.596,0.634,9,0.3
2024-09-18T00:00:00,cmp_8,B,0.1744,0.788,0.768,3,0.481
2024-10-22T00:00:00,cmp_13,B,0.1215,0.968,1.025,1,-0.251
2024-01-23T00:00:00,cmp_46,B,0.2723,0.781,0.91,10,-0.381
2024-01-01T00:00:00,cmp_34,C,0.137,-0.058,-0.066,1,0.037
2024-12-17T00:00:00,cmp_47,C,0.2802,-0.52,-0.493,8,-0.287
2024-12-09T00:00:00,cmp_13,B,0.2296,-0.057,-0.055,6,-0.311
2024-08-08T00:00:00,cmp_5,C,0.179,0.674,0.661,4,-0.081
2024-06-18T00:00:00,cmp_40,B,0.1027,0.306,0.342,0,0.497
2024-12-05T00:00:00,cmp_8,C,0.194,-0.239,-0.245,0,0.965
2024-06-02T00:00:00,cmp_33,B,0.2063,-0.416,-0.406,7,0.707
2024-12-07T00:00:00,cmp_27,B,0.1947,-0.516,-0.424,4,-0.481
2024-07-25T00:00:00,cmp_45,B,0.1125,0.806,0.827,0,0.39
2024-10-10T00:00:00,cmp_9,A,0.2839,0.663,0.721,8,0.398
2024-08-03T00:00:00,cmp_43,B,0.2635,0.035,-0.056,10,0.152
2024-12-12T00:00:00,cmp_48,A,0.0663,0.405,0.471,1,-0.144
2024-11-11T00:00:00,cmp_37,B,0.1569,-0.858,-0.773,0,-0.118
2024-07-26T00:00:00,cmp_36,A,0.1656,-0.036,-0.013,0,-0.079
2024-06-04T00:00:00,cmp_19,A,0.0711,0.144,0.106,1,0.269
2024-08-08T00:00:00,cmp_38,C,0.2534,0.015,0.014,4,0.553
2024-12-01T00:00:00,cmp_21,B,0.292,-0.381,-0.356,0,0.736
2024-08-14T00:00:00,cmp_29,C,0.3123,-0.088,-0.132,1,0.128
2024-04-19T00:00:00,cmp_33,B,0.1378,-0.276,-0.254,6,0.39
2024-03-27T00:00:00,cmp_43,A,0.1025,0.068,-0.017,0,0.229
2024-05-25T00:00:00,cmp_33,C,0.076,0.691,0.648,0,0.539
2024-11-20T00:00:00,cmp_40,B,0.358,0.645,0.554,9,0.373
2024-02-17T00:00:00,cmp_49,A,0.1551,-0.715,-0.736,0,0.835
2024-12-10T00:00:00,cmp_20,A,0.2464,-0.181,-0.125,9,0.409
2024-04-11T00:00:00,cmp_10,A,0.0901,-0.945,-0.924,0,0.258
2024-01-24T00:00:00,cmp_16,B,0.1887,0.512,0.422,4,0.85
2024-11-08T00:00:00,cmp_50,A,0.1449,-0.319,-0.297,2,0.312
2024-08-21T00:00:00,cmp_27,C,0.2237,-0.481,-0.544,5,0.95
2024-10-21T00:00:00,cmp_13,C,0.0496,-0.196,-0.242,1,0.991
2024-12-22T00:00:00,cmp_25,B,0.1824,-0.739,-0.757,6,0.691
2024-07-23T00:00:00,cmp_16,A,0.19,0.727,0.726,1,0.383
2024-12-01T00:00:00,cmp_45,A,0.0768,0.155,0.215,1,0.647
2024-02-24T00:00:00,cmp_50,B,0.1186,0.853,0.706,3,-0.471
2024-04-22T00:00:00,cmp_12,C,0.0881,0.609,0.564,2,0.936
2024-09-22T00:00:00,cmp_30,A,0.1338,0.538,0.56,2,0.488
2024-10-12T00:00:00,cmp_16,A,0.2021,-0.302,-0.297,1,0.922
2024-08-21T00:00:00,cmp_9,B,0.1345,-0.854,-0.807,1,0.104
2024-12-07T00:00:00,cmp_34,C,0.2946,-0.548,-0.544,1,0.405
2024-10-31T00:00:00,cmp_21,B,0.4619,0.25,0.259,14,-0.392
2024-11-09T00:00:00,cmp_47,C,0.205,-0.714,-0.751,4,0.245
2024-08-06T00:00:00,cmp_36,B,0.356,0.022,0.078,1,-0.43
2024-03-22T00:00:00,cmp_48,B,0.3507,-0.28,-0.244,5,-0.03
2024-08-18T00:00:00,cmp_17,A,0.1166,-0.225,-0.254,1,0.449
2024-11-22T00:00:00,cmp_18,C,0.2185,0.902,0.849,0,-0.342
2024-09-05T00:00:00,cmp_41,A,0.3097,-0.085,-0.055,1,-0.187
2024-05-20T00:00:00,cmp_29,A,0.0845,-0.576,-0.595,1,0.82
2024-12-31T00:00:00,cmp_19,A,0.4116,-0.369,-0.414,3,0.467
2024-05-19T00:00:00,cmp_22,B,0.119,-0.777,-0.864,0,0.753
2024-10-03T00:00:00,cmp_6,A,0.4186,0.19,0.18,9,-0.485
2024-03-18T00:00:00,cmp_15,B,0.0477,0.043,0.031,0,-0.102
2024-12-21T00:00:00,cmp_10,C,0.1661,-0.204,-0.17,1,-0.046
2024-04-19T00:00:00,cmp_5,B,0.3988,0.916,0.917,3,0.944
2024-07-27T00:00:00,cmp_22,C,0.1866,0.157,0.107,3,-0.28
2024-08-26T00:00:00,cmp_27,A,0.0523,-0.419,-0.37,0,0.562
2024-04-15T00:00:00,cmp_27,B,0.238,0.059,0.051,1,-0.137
2024-10-26T00:00:00,cmp_45,A,0.3308,-0.134,-0.205,7,-0.425
2024-10-21T00:00:00,cmp_25,B,0.1421,0.585,0.587,4,0.862
2024-01-04T00:00:00,cmp_23,B,0.2486,0.281,0.233,0,0.348
2024-07-18T00:00:00,cmp_27,C,0.1984,0.269,0.259,5,-0.167
2024-10-06T00:00:00,cmp_39,A,0.2117,0.325,0.307,6,0.097
2024-09-06T00:00:00,cmp_15,B,0.108,0.575,0.604,2,-0.123
2024-08-11T00:00:00,cmp_32,A,0.129,0.012,-0.008,3,0.926
2024-07-18T00:00:00,cmp_22,C,0.325,0.788,0.836,12,0.92
2024-12-13T00:00:00,cmp_26,C,0.4511,-0.628,-0.584,13,-0.189
2024-03-25T00:00:00,cmp_30,A,0.0914,-0.336,-0.354,0,0.54
2024-11-14T00:00:00,cmp_35,A,0.1418,-0.925,-0.908,0,-0.5
2024-07-20T00:00:00,cmp_38,C,0.1607,-0.539,-0.59,4,-0.498
2024-12-05T00:00:00,cmp_2,A,0.108,0.425,0.402,2,0.056
2024-11-25T00:00:00,cmp_28,A,0.1447,0.561,0.58,2,0.376
2024-08-24T00:00:00,cmp_12,A,0.0328,-0.795,-0.695,0,0.054
2024-05-13T00:00:00,cmp_25,B,0.1866,0.894,0.774,3,-0.255
2024-04-18T00:00:00,cmp_30,B,0.273,0.634,0.616,8,0.32
2024-06-21T00:00:00,cmp_49,B,0.2356,0.105,0.055,2,0.798
2024-05-22T00:00:00,cmp_49,B,0.108,0.25,0.281,1,0.358
2024-05-09T00:00:00,cmp_6,B,0.0323,-0.863,-0.898,0,0.149
2024-01-10T00:00:00,cmp_48,C,0.3261,-0.447,-0.434,12,0.148
2024-01-27T00:00:00,cmp_23,A,0.2049,-0.155,-0.21,2,-0.104
2024-11-28T00:00:00,cmp_5,C,0.0362,-0.846,-0.843,1,-0.387
2024-01-21T00:00:00,cmp_49,A,0.3754,-0.374,-0.341,3,0.799
2024-05-06T00:00:00,cmp_13,A,0.0379,0.175,0.192,0,0.552
2024-11-14T00:00:00,cmp_10,A,0.3456,0.954,0.911,4,0.623
2024-03-05T00:00:00,cmp_31,C,0.0988,-0.516,-0.447,2,0.571
2024-02-28T00:00:00,cmp_37,A,0.1252,-0.875,-0.79,5,0.41
2024-08-26T00:00:00,cmp_45,B,0.1252,0.089,0.113,4,-0.2
2024-07-07T00:00:00,cmp_11,C,0.0999,0.169,0.083,4,0.053
2024-11-06T00:00:00,cmp_48,C,0.313,-0.145,-0.11,0,0.164
2024-02-28T00:00:00,cmp_50,A,0.3278,0.854,0.867,2,0.115
2024-06-08T00:00:00,cmp_7,C,0.1086,0.37,0.387,1,-0.334
2024-01-14T00:00:00,cmp_20,C,0.4387,0.657,0.624,8,0.871
2024-12-12T00:00:00,cmp_25,B,0.3209,0.006,-0.037,12,-0.209
2024-04-11T00:00:00,cmp_5,C,0.1933,-0.679,-0.728,1,0.541
2024-12-19T00:00:00,cmp_41,A,0.1868,-0.677,-0.631,3,-0.375
2024-02-22T00:00:00,cmp_45,B,0.17,-0.509,-0.516,3,-0.149
2024-12-16T00:00:00,cmp_39,A,0.067,-0.657,-0.638,1,0.25
2024-10-16T00:00:00,cmp_3,B,0.0782,-0.326,-0.304,0,-0.191
2024-09-29T00:00:00,cmp_28,C,0.1076,-0.862,-0.865,3,0.211
2024-07-08T00:00:00,cmp_5,C,0.131,0.687,0.583,4,0.687
2024-11-27T00:00:00,cmp_22,A,0.2025,0.607,0.604,6,0.853
2024-08-03T00:00:00,cmp_32,A,0.5036,0.297,0.287,5,0.706
2024-08-09T00:00:00,cmp_24,C,0.1353,-0.072,-0.081,0,0.584
2024-08-23T00:00:00,cmp_46,A,0.3503,0.609,0.622,12,-0.4
2024-08-10T00:00:00,cmp_12,C,0.362,0.342,0.413,3,0.431
2024-09-24T00:00:00,cmp_42,B,0.1873,0.194,0.233,4,0.368
2024-11-11T00:00:00,cmp_35,B,0.2745,-0.517,-0.55,5,-0.178
2024-08-26T00:00:00,cmp_28,C,0.0557,0.592,0.638,1,-0.104
2024-10-30T00:00:00,cmp_18,B,0.0609,0.191,0.144,0,-0.103
2024-05-05T00:00:00,cmp_6,B,0.2442,-0.938,-0.955,8,0.336
2024-08-18T00:00:00,cmp_16,B,0.2165,0.153,0.169,6,-0.399
2024-10-18T00:00:00,cmp_40,C,0.0871,0.567,0.476,2,0.482
2024-07-13T00:00:00,cmp_22,A,0.2309,0.249,0.304,9,0.797
2024-09-10T00:00:00,cmp_21,A,0.0888,-0.542,-0.507,0,0.894
2024-09-06T00:00:00,cmp_14,B,0.1648,-0.893,-0.849,2,0.182
2024-05-12T00:00:00,cmp_22,B,0.4262,-0.449,-0.429,7,0.399
2024-11-01T00:00:00,cmp_45,B,0.0894,0.558,0.575,3,0.415
2024-10-11T00:00:00,cmp_1,C,0.1561,-0.693,-0.776,2,0.882
2024-04-07T00:00:00,cmp_6,A,0.2482,0.214,0.191,2,0.821
2024-07-27T00:00:00,cmp_32,C,0.3168,0.994,1.008,5,0.198
2024-05-03T00:00:00,cmp_45,B,0.1989,-0.578,-0.615,1,-0.156
2024-11-26T00:00:00,cmp_46,B,0.1621,0.936,0.851,1,0.697
2024-08-17T00:00:00,cmp_2,A,0.1658,-0.875,-0.94,2,-0.184
2024-05-30T00:00:00,cmp_15,B,0.2267,0.608,0.62,2,0.258
2024-12-20T00:00:00,cmp_16,B,0.0788,0.645,0.603,2,-0.415
2024-12-05T00:00:00,cmp_38,B,0.3443,-0.372,-0.311,3,0.984
2024-08-30T00:00:00,cmp_36,C,0.1974,0.676,0.761,3,0.042
2024-06-25T00:00:00,cmp_28,C,0.3993,0.903,0.916,4,0.369
2024-10-08T00:00:00,cmp_22,B,0.0395,0.142,0.084,0,-0.222
2024-12-25T00:00:00,cmp_30,B,0.0853,0.69,0.663,2,0.509
2024-06-05T00:00:00,cmp_17,A,0.2179,0.501,0.52,1,-0.272
2024-03-02T00:00:00,cmp_47,A,0.2821,-0.585,-0.57,2,0.202
2024-06-10T00:00:00,cmp_8,C,0.2459,-0.204,-0.223,4,-0.454
2024-10-01T00:00:00,cmp_49,C,0.2226,-0.9,-0.856,7,-0.448
2024-04-04T00:00:00,cmp_13,A,0.0496,-0.777,-0.853,0,-0.24
2024-09-04T00:00:00,cmp_18,C,0.182,-0.31,-0.303,6,-0.455
2024-10-28T00:00:00,cmp_49,C,0.0476,0.77,0.726,0,-0.078
2024-11-01T00:00:00,cmp_19,A,0.2307,-0.629,-0.652,1,0.059
2024-04-09T00:00:00,cmp_19,A,0.3018,-0.107,-0.189,9,0.206
2024-07-03T00:00:00,cmp_12,B,0.2397,0.769,0.856,8,0.843
2024-01-08T00:00:00,cmp_46,C,0.1175,-0.14,-0.129,2,-0.068
2024-03-05T00:00:00,cmp_18,A,0.323,0.466,0.471,9,0.488
2024-01-28T00:00:00,cmp_36,B,0.2481,-0.978,-0.955,1,-0.343
2024-12-23T00:00:00,cmp_9,C,0.1597,0.317,0.347,2,0.298
2024-09-08T00:00:00,cmp_7,A,0.2277,-0.481,-0.484,4,0.021
2024-10-20T00:00:00,cmp_19,B,0.1993,0.155,0.088,3,0.039
2024-09-02T00:00:00,cmp_29,B,0.0855,-0.067,-0.005,2,-0.168
2024-04-04T00:00:00,cmp_4,B,0.3076,-0.763,-0.782,1,0.901
2024-09-01T00:00:00,cmp_8,A,0.0126,0.942,1.028,0,-0.397
2024-07-24T00:00:00,cmp_32,A,0.2803,0.101,0.112,8,0.105
2024-10-22T00:00:00,cmp_41,C,0.0711,-0.174,-0.116,0,-0.395
2024-01-28T00:00:00,cmp_10,A,0.3471,0.759,0.733,9,0.336
2024-10-15T00:00:00,cmp_20,A,0.1684,0.505,0.604,3,0.143
2024-05-07T00:00:00,cmp_8,C,0.3881,-0.498,-0.554,5,0.766
2024-08-01T00:00:00,cmp_39,C,0.0244,-0.987,-0.912,0,0.019
2024-11-12T00:00:00,cmp_15,C,0.1369,-0.638,-0.62,2,0.434
2024-07-13T00:00:00,cmp_29,B,0.0764,0.515,0.473,0,-0.475
2024-06-01T00:00:00,cmp_38,B,0.1326,-0.161,-0.179,3,-0.424
2024-06-05T00:00:00,cmp_37,C,0.1705,0.948,0.861,2,0.564
2024-01-31T00:00:00,cmp_40,C,0.225,0.611,0.581,7,-0.164
2024-02-20T00:00:00,cmp_49,A,0.2192,-0.833,-0.799,3,-0.423
2024-11-16T00:00:00,cmp_14,B,0.1529,0.611,0.616,1,0.64
2024-12-04T00:00:00,cmp_6,A,0.1327,-0.931,-0.853,5,-0.21
2024-05-02T00:00:00,cmp_12,C,0.1309,-0.519,-0.557,5,0.509
2024-02-08T00:00:00,cmp_11,A,0.0824,0.343,0.324,3,0.989
2024-07-28T00:00:00,cmp_29,C,0.0818,-0.145,-0.176,0,-0.005
2024-10-31T00:00:00,cmp_31,B,0.1771,0.559,0.592,1,-0.12
2024-01-17T00:00:00,cmp_15,B,0.079,0.353,0.376,2,0.391
2024-12-27T00:00:00,cmp_19,C,0.0472,0.385,0.416,0,0.621
2024-08-20T00:00:00,cmp_5,C,0.0456,-0.069,-0.071,0,-0.479
2024-04-29T00:00:00,cmp_17,C,0.4155,0.781,0.862,8,0.25
2024-10-28T00:00:00,cmp_43,A,0.4405,0.429,0.468,16,-0.06
2024-08-05T00:00:00,cmp_8,C,0.1934,-0.408,-0.375,5,0.451
2024-04-25T00:00:00,cmp_42,A,0.0573,-0.731,-0.634,1,-0.358
2024-05-16T00:00:00,cmp_10,A,0.2385,0.424,0.359,9,-0.481
2024-01-31T00:00:00,cmp_11,B,0.1358,-0.24,-0.238,0,0.411
2024-10-31T00:00:00,cmp_48,C,0.1245,-0.112,-0.059,1,0.993
2024-05-27T00:00:00,cmp_29,A,0.1184,-0.37,-0.417,3,-0.3
2024-08-27T00:00:00,cmp_45,B,0.243,-0.0,0.037,8,-0.22
2024-12-24T00:00:00,cmp_26,B,0.3639,0.083,0.034,6,-0.371
2024-09-13T00:00:00,cmp_35,B,0.0411,-0.917,-0.818,2,-0.122
2024-08-12T00:00:00,cmp_6,C,0.1974,0.404,0.396,6,-0.003
2024-01-21T00:00:00,cmp_28,C,0.0634,-0.244,-0.293,0,-0.407
2024-06-14T00:00:00,cmp_39,B,0.0278,0.767,0.677,0,0.49
2024-01-14T00:00:00,cmp_6,A,0.1104,-0.746,-0.671,0,0.088
2024-12-11T00:00:00,cmp_37,C,0.2301,0.154,0.209,6,0.31
2024-01-11T00:00:00,cmp_49,C,0.1537,-0.134,-0.156,5,0.394
2024-05-17T00:00:00,cmp_37,A,0.2235,0.567,0.577,0,-0.313
2024-03-30T00:00:00,cmp_31,C,0.0809,0.345,0.372,1,0.222
2024-11-29T00:00:00,cmp_29,B,0.0385,0.805,0.74,2,0.164
2024-04-02T00:00:00,cmp_38,B,0.1915,0.143,0.168,4,-0.223
2024-11-21T00:00:00,cmp_32,A,0.0431,-0.116,-0.135,0,-0.197
2024-08-28T00:00:00,cmp_23,B,0.129,0.756,0.719,1,0.337
2024-06-19T00:00:00,cmp_21,C,0.3935,0.684,0.661,7,-0.245
2024-02-23T00:00:00,cmp_11,B,0.1402,-0.236,-0.229,2,0.332
2024-07-29T00:00:00,cmp_45,B,0.0422,-0.952,-1.003,1,-0.352
2024-05-27T00:00:00,cmp_43,B,0.198,-0.855,-0.723,7,-0.079
2024-10-08T00:00:00,cmp_3,B,0.2628,-0.201,-0.185,8,-0.229
2024-02-15T00:00:00,cmp_21,B,0.1214,0.733,0.747,2,-0.411
2024-06-14T00:00:00,cmp_8,B,0.0117,-0.73,-0.778,0,-0.3
2024-09-20T00:00:00,cmp_1,C,0.661,0.188,0.162,13,0.363
2024-10-04T00:00:00,cmp_30,B,0.048,-0.29,-0.273,1,-0.108
2024-01-28T00:00:00,cmp_13,C,0.3112,-0.057,-0.051,5,-0.363
2024-07-04T00:00:00,cmp_40,B,0.2929,0.723,0.77,10,0.395
2024-11-16T00:00:00,cmp_29,A,0.2914,-0.603,-0.589,6,-0.13
2024-04-14T00:00:00,cmp_18,C,0.5399,-0.656,-0.73,1,-0.075
2024-03-08T00:00:00,cmp_19,B,0.1398,-0.96,-0.93,4,-0.269
2024-12-23T00:00:00,cmp_32,A,0.2555,0.44,0.472,2,-0.426
2024-01-15T00:00:00,cmp_41,C,0.077,0.516,0.516,0,0.64
2024-05-02T00:00:00,cmp_46,A,0.1766,0.564,0.602,4,0.948
2024-06-08T00:00:00,cmp_36,A,0.4349,-0.376,-0.358,4,0.141
2024-10-09T00:00:00,cmp_27,A,0.0566,0.819,0.886,2,0.845
2024-04-25T00:00:00,cmp_8,B,0.1265,-0.782,-0.791,3,-0.127
2024-03-01T00:00:00,cmp_42,A,0.3071,-0.707,-0.69,7,0.524
2024-09-12T00:00:00,cmp_46,B,0.2167,0.723,0.687,7,-0.294
2024-09-17T00:00:00,cmp_46,B,0.2292,0.717,0.737,8,0.613
2024-07-31T00:00:00,cmp_31,B,0.1024,0.698,0.69,3,0.075
2024-05-04T00:00:00,cmp_30,C,0.4668,0.659,0.629,7,0.758
2024-03-15T00:00:00,cmp_25,A,0.2539,0.773,0.79,3,-0.429
2024-11-02T00:00:00,cmp_33,C,0.1486,-0.721,-0.72,2,0.964
2024-03-10T00:00:00,cmp_5,B,0.1108,0.016,0.008,1,-0.292
2024-07-31T00:00:00,cmp_22,C,0.0795,0.641,0.591,1,0.187
2024-05-16T00:00:00,cmp_1,B,0.3452,-0.891,-0.897,0,-0.194
2024-06-01T00:00:00,cmp_38,C,0.0894,0.448,0.442,1,-0.321
2024-12-03T00:00:00,cmp_32,A,0.3139,0.989,1.005,0,-0.151
2024-08-16T00:00:00,cmp_35,B,0.3731,0.351,0.408,9,0.799
2024-06-25T00:00:00,cmp_22,C,0.2442,-0.193,-0.128,9,-0.148
2024-10-05T00:00:00,cmp_25,B,0.1284,0.111,0.078,0,0.065
2024-06-13T00:00:00,cmp_13,C,0.1788,-0.671,-0.69,5,0.452
2024-05-02T00:00:00,cmp_37,B,0.2018,0.911,0.976,8,-0.13
2024-04-29T00:00:00,cmp_50,B,0.1978,0.818,0.786,4,-0.067
2024-01-23T00:00:00,cmp_21,C,0.1225,0.007,0.033,1,0.695
2024-08-30T00:00:00,cmp_46,B,0.0902,-0.92,-0.927,2,-0.435
2024-07-16T00:00:00,cmp_43,C,0.2545,-0.237,-0.224,2,0.663
2024-03-18T00:00:00,cmp_32,A,0.2899,-0.373,-0.443,4,-0.277
2024-03-05T00:00:00,cmp_33,C,0.3976,0.286,0.251,14,0.401
2024-06-18T00:00:00,cmp_7,B,0.2542,-0.78,-0.796,5,0.526
2024-02-21T00:00:00,cmp_34,B,0.3344,-0.404,-0.414,8,-0.365
2024-01-08T00:00:00,cmp_47,A,0.1746,0.932,0.965,4,0.32
2024-07-28T00:00:00,cmp_42,A,0.1416,-0.322,-0.396,5,0.928
2024-02-08T00:00:00,cmp_31,B,0.049,-0.152,-0.137,1,0.167
2024-06-22T00:00:00,cmp_40,C,0.1054,0.269,0.253,1,-0.22
2024-07-22T00:00:00,cmp_42,A,0.3753,0.935,0.891,4,0.847
2024-06-17T00:00:00,cmp_44,C,0.0087,-0.921,-0.938,0,0.966
2024-07-13T00:00:00,cmp_21,C,0.0643,0.463,0.37,1,0.473
2024-09-06T00:00:00,cmp_35,A,0.3322,-0.32,-0.44,9,0.804
2024-11-12T00:00:00,cmp_5,A,0.2228,0.071,0.013,3,-0.182
2024-11-19T00:00:00,cmp_44,B,0.295,0.438,0.533,1,0.895
2024-04-26T00:00:00,cmp_48,A,0.1028,0.129,0.071,1,0.07
2024-08-10T00:00:00,cmp_7,C,0.1513,0.057,0.139,5,0.002
2024-12-26T00:00:00,cmp_7,B,0.4943,0.116,0.144,14,0.884
2024-03-26T00:00:00,cmp_45,B,0.3064,-0.976,-0.992,1,0.329
2024-01-15T00:00:00,cmp_3,B,0.1573,-0.033,-0.071,1,-0.341
2024-01-29T00:00:00,cmp_19,B,0.2232,-0.895,-0.885,3,0.751
2024-07-10T00:00:00,cmp_28,A,0.1029,-0.102,-0.018,1,-0.001
2024-05-05T00:00:00,cmp_34,B,0.292,0.262,0.302,3,0.183
2024-10-16T00:00:00,cmp_44,A,0.2556,0.826,0.872,5,-0.125
2024-03-28T00:00:00,cmp_12,A,0.4659,-0.841,-0.821,3,0.525
2024-11-08T00:00:00,cmp_25,C,0.3267,0.297,0.31,11,-0.303
2024-12-15T00:00:00,cmp_16,B,0.3791,0.513,0.566,1,0.211
2024-10-25T00:00:00,cmp_10,A,0.1574,0.538,0.523,0,0.138
2024-08-24T00:00:00,cmp_41,B,0.3614,0.077,0.067,14,0.744
2024-08-23T00:00:00,cmp_17,C,0.1972,0.859,0.807,0,-0.193
2024-01-05T00:00:00,cmp_30,B,0.0629,0.286,0.347,3,0.152
2024-12-12T00:00:00,cmp_35,A,0.0893,0.216,0.177,0,0.167
2024-02-07T00:00:00,cmp_29,B,0.2797,-0.2,-0.194,6,0.827
2024-10-27T00:00:00,cmp_20,C,0.1436,-0.985,-0.902,2,0.538
2024-08-05T00:00:00,cmp_45,B,0.1559,0.435,0.502,2,0.797
2024-08-21T00:00:00,cmp_20,A,0.2571,-0.039,-0.027,9,-0.397
2024-07-15T00:00:00,cmp_31,A,0.2757,0.944,0.851,2,0.204
2024-05-01T00:00:00,cmp_25,C,0.1447,-0.545,-0.581,1,-0.251
2024-07-02T00:00:00,cmp_37,B,0.1622,-0.079,-0.128,2,-0.224
2024-12-24T00:00:00,cmp_19,A,0.1687,-0.946,-0.982,4,0.675
2024-12-03T00:00:00,cmp_26,B,0.0904,0.924,0.846,3,0.263
2024-01-05T00:00:00,cmp_37,C,0.2848,-0.19,-0.23,3,-0.268
2024-01-26T00:00:00,cmp_39,C,0.2111,0.889,0.862,0,0.002
2024-09-11T00:00:00,cmp_19,A,0.1563,-0.1,-0.045,3,0.993
2024-11-06T00:00:00,cmp_23,A,0.2901,-0.545,-0.486,12,0.316
2024-11-21T00:00:00,cmp_13,C,0.0282,-0.231,-0.274,0,0.673
2024-05-08T00:00:00,cmp_44,C,0.0225,0.727,0.737,0,0.802
2024-12-03T00:00:00,cmp_44,A,0.0583,-0.113,-0.128,0,-0.019
2024-11-17T00:00:00,cmp_7,C,0.1923,-0.018,-0.068,7,-0.036
2024-11-26T00:00:00,cmp_3,B,0.0824,-0.823,-0.774,1,0.515
2024-08-13T00:00:00,cmp_3,C,0.2697,-0.079,-0.101,3,0.93
2024-07-05T00:00:00,cmp_47,A,0.1986,-0.522,-0.516,1,-0.18
2024-02-16T00:00:00,cmp_19,B,0.1071,0.6,0.543,3,0.259
2024-07-31T00:00:00,cmp_12,A,0.0857,-0.182,-0.199,1,-0.006
2024-03-08T00:00:00,cmp_35,B,0.0882,0.386,0.44,1,0.873
2024-09-28T00:00:00,cmp_33,B,0.5915,0.778,0.762,2,0.354
2024-03-25T00:00:00,cmp_17,B,0.2831,0.008,-0.05,1,0.196
2024-05-31T00:00:00,cmp_48,B,0.0779,0.288,0.322,1,0.751
2024-02-28T00:00:00,cmp_30,A,0.1218,-0.13,-0.11,1,-0.3
2024-03-13T00:00:00,cmp_49,A,0.0828,0.299,0.401,0,0.802
2024-12-12T00:00:00,cmp_47,C,0.1315,0.886,0.942,1,0.566
2024-07-22T00:00:00,cmp_36,B,0.2874,-0.951,-0.999,12,0.545
2024-02-16T00:00:00,cmp_26,A,0.1773,0.3,0.273,4,0.043
2024-05-15T00:00:00,cmp_35,A,0.2363,0.282,0.157,9,-0.033
2024-08-20T00:00:00,cmp_24,C,0.2934,0.324,0.274,0,-0.026
2024-12-10T00:00:00,cmp_17,C,0.4595,0.342,0.23,14,0.732
2024-07-14T00:00:00,cmp_41,B,0.1216,-0.796,-0.807,3,0.014
2024-02-25T00:00:00,cmp_44,A,0.3671,-0.886,-0.911,1,0.382
2024-08-29T00:00:00,cmp_2,C,0.3145,0.193,0.23,3,0.371
2024-10-14T00:00:00,cmp_21,C,0.2904,0.257,0.278,5,-0.224
2024-04-23T00:00:00,cmp_42,A,0.2992,-0.888,-0.856,12,-0.071
2024-11-21T00:00:00,cmp_30,C,0.3251,-0.648,-0.634,3,-0.147
2024-06-03T00:00:00,cmp_42,B,0.2689,-0.707,-0.769,8,-0.265
2024-02-29T00:00:00,cmp_9,A,0.3594,-0.41,-0.367,15,-0.122
2024-01-20T00:00:00,cmp_20,B,0.0203,0.937,0.95,0,0.179
2024-02-29T00:00:00,cmp_7,A,0.3791,0.287,0.263,10,0.484
2024-10-02T00:00:00,cmp_9,B,0.2453,0.665,0.659,5,0.987
2024-08-20T00:00:00,cmp_24,C,0.0577,0.561,0.55,0,0.446
2024-12-22T00:00:00,cmp_35,B,0.2627,-0.494,-0.5,3,-0.399
2024-10-27T00:00:00,cmp_48,C,0.4982,-0.53,-0.584,15,0.394
2024-03-20T00:00:00,cmp_27,C,0.4587,0.931,0.889,3,0.874
2024-02-20T00:00:00,cmp_32,C,0.1648,0.632,0.595,6,0.013
2024-07-27T00:00:00,cmp_18,A,0.1711,-0.759,-0.768,7,0.371
2024-12-19T00:00:00,cmp_24,A,0.4446,-0.278,-0.309,8,0.042
2024-08-15T00:00:00,cmp_29,A,0.1551,0.209,0.22,0,0.445
2024-07-04T00:00:00,cmp_7,C,0.1297,0.012,0.084,2,-0.284
2024-07-07T00:00:00,cmp_35,C,0.0761,0.464,0.435,0,-0.15
2024-07-02T00:00:00,cmp_4,B,0.3659,-0.483,-0.464,9,0.172
2024-05-21T00:00:00,cmp_13,A,0.2817,0.132,0.141,9,0.875
2024-08-20T00:00:00,cmp_6,C,0.0731,-0.508,-0.52,1,0.928
2024-04-18T00:00:00,cmp_42,C,0.3159,-0.106,-0.118,4,0.667
2024-11-01T00:00:00,cmp_2,A,0.1797,-0.832,-0.799,7,-0.336
2024-06-19T00:00:00,cmp_16,A,0.0297,0.229,0.266,0,0.839
2024-10-16T00:00:00,cmp_14,A,0.0634,-0.178,-0.242,1,-0.489
2024-10-10T00:00:00,cmp_14,C,0.0608,-0.263,-0.286,3,0.655
2024-04-20T00:00:00,cmp_15,B,0.3974,0.816,0.841,5,-0.199
2024-03-16T00:00:00,cmp_39,A,0.1315,-0.966,-0.907,0,0.941
2024-05-21T00:00:00,cmp_10,A,0.2587,-0.973,-1.075,4,0.248
2024-10-03T00:00:00,cmp_17,A,0.5605,-0.655,-0.657,22,0.809
2024-02-26T00:00:00,cmp_43,A,0.0977,0.607,0.452,1,0.63
2024-03-08T00:00:00,cmp_1,B,0.1416,-0.802,-0.815,0,-0.364
2024-05-01T00:00:00,cmp_38,B,0.0316,0.278,0.317,0,0.811
2024-01-09T00:00:00,cmp_12,B,0.0837,0.872,0.823,2,0.27
2024-01-27T00:00:00,cmp_9,C,0.1245,0.694,0.677,1,-0.0
2024-08-03T00:00:00,cmp_34,A,0.5333,-0.522,-0.531,9,0.924
2024-02-02T00:00:00,cmp_31,B,0.4088,-0.105,-0.11,11,-0.113
2024-07-04T00:00:00,cmp_33,C,0.1514,0.127,0.106,5,-0.193
2024-02-25T00:00:00,cmp_29,C,0.2304,-0.362,-0.363,3,-0.377
2024-04-23T00:00:00,cmp_40,A,0.0437,-0.773,-0.832,0,-0.494
2024-12-03T00:00:00,cmp_34,B,0.2063,0.604,0.495,2,-0.337
2024-08-22T00:00:00,cmp_42,A,0.0623,0.16,0.148,0,0.31
2024-02-01T00:00:00,cmp_31,B,0.0954,-0.398,-0.432,3,-0.118
2024-08-06T00:00:00,cmp_44,A,0.0683,0.024,0.032,0,0.291
2024-09-08T00:00:00,cmp_46,B,0.4404,0.94,0.906,10,-0.297
2024-02-07T00:00:00,cmp_6,B,0.2853,-0.513,-0.493,7,0.763
2024-11-07T00:00:00,cmp_10,A,0.2826,0.896,0.855,1,0.103
2024-03-05T00:00:00,cmp_18,C,0.0445,-0.693,-0.726,1,0.05
2024-11-20T00:00:00,cmp_38,C,0.0831,0.108,0.087,3,0.765
2024-12-30T00:00:00,cmp_21,B,0.0427,0.213,0.228,0,-0.25
2024-11-01T00:00:00,cmp_34,B,0.375,-0.569,-0.569,8,0.972
2024-08-20T00:00:00,cmp_33,C,0.197,-0.489,-0.429,7,0.047
2024-08-08T00:00:00,cmp_7,C,0.3414,0.138,0.128,5,0.95
2024-02-28T00:00:00,cmp_42,C,0.2542,-0.3,-0.32,8,-0.375
2024-10-09T00:00:00,cmp_47,A,0.289,-0.114,-0.188,7,0.289
2024-08-08T00:00:00,cmp_29,A,0.0769,0.447,0.399,2,0.366
2024-07-30T00:00:00,cmp_22,B,0.4957,-0.613,-0.619,11,0.2
2024-07-23T00:00:00,cmp_27,C,0.3868,-0.664,-0.661,4,-0.215
2024-02-18T00:00:00,cmp_21,B,0.2561,-0.854,-0.774,6,-0.489
2024-06-09T00:00:00,cmp_43,B,0.2648,0.89,0.915,2,0.51
2024-07-10T00:00:00,cmp_10,C,0.0198,-0.671,-0.607,0,0.496
2024-08-30T00:00:00,cmp_5,A,0.1464,-0.507,-0.387,4,0.189
2024-02-13T00:00:00,cmp_6,B,0.3825,0.5,0.499,10,-0.006
2024-02-19T00:00:00,cmp_48,C,0.0286,0.777,0.763,0,-0.006
2024-07-09T00:00:00,cmp_9,C,0.072,0.831,0.833,0,0.983
2024-01-31T00:00:00,cmp_38,C,0.4522,0.443,0.487,16,0.912
2024-10-14T00:00:00,cmp_22,C,0.2545,0.059,0.107,5,0.953
2024-03-03T00:00:00,cmp_27,B,0.4173,0.231,0.217,3,0.109
2024-12-06T00:00:00,cmp_49,B,0.2076,-0.889,-0.927,7,0.901
2024-01-27T00:00:00,cmp_19,C,0.1846,0.056,0.096,5,-0.31
2024-06-08T00:00:00,cmp_23,A,0.2574,0.429,0.35,0,0.116
2024-10-22T00:00:00,cmp_33,A,0.3302,-0.051,-0.02,8,-0.485
2024-03-20T00:00:00,cmp_43,B,0.136,0.598,0.519,1,0.768
2024-04-24T00:00:00,cmp_7,B,0.2092,0.109,0.162,1,0.852
2024-10-11T00:00:00,cmp_24,A,0.3762,0.214,0.24,1,0.951
2024-05-22T00:00:00,cmp_37,A,0.1806,-0.332,-0.332,5,0.283
2024-08-07T00:00:00,cmp_36,C,0.059,0.91,0.872,1,-0.224
2024-11-10T00:00:00,cmp_44,C,0.154,0.124,0.179,3,-0.491
2024-10-12T00:00:00,cmp_2,C,0.1602,0.884,0.866,0,0.504
2024-12-02T00:00:00,cmp_45,B,0.2173,-0.232,-0.16,1,0.782
2024-01-15T00:00:00,cmp_12,B,0.219,0.193,0.251,3,0.285
2024-12-25T00:00:00,cmp_49,B,0.099,-0.504,-0.524,0,-0.445
2024-06-22T00:00:00,cmp_23,A,0.374,-0.187,-0.04,9,0.728
2024-04-02T00:00:00,cmp_10,C,0.0978,0.332,0.415,3,0.287
2024-12-02T00:00:00,cmp_26,A,0.0931,0.588,0.637,3,-0.098
2024-03-13T00:00:00,cmp_48,C,0.1997,-0.521,-0.48,1,0.127
2024-01-16T00:00:00,cmp_6,C,0.4044,0.493,0.507,3,-0.002
2024-09-28T00:00:00,cmp_14,B,0.2705,-0.737,-0.7,6,0.788
2024-08-02T00:00:00,cmp_30,B,0.413,-0.381,-0.455,3,0.315
2024-03-21T00:00:00,cmp_24,B,0.0569,0.324,0.392,1,0.033
2024-06-15T00:00:00,cmp_50,C,0.0706,0.636,0.64,1,0.492
2024-11-01T00:00:00,cmp_6,A,0.2516,-0.821,-0.808,6,0.157
2024-03-20T00:00:00,cmp_11,C,0.5609,-0.821,-0.897,12,0.9
2024-01-26T00:00:00,cmp_44,A,0.1462,-0.046,-0.094,6,0.992
2024-05-19T00:00:00,cmp_29,C,0.0534,-0.827,-0.814,0,0.999
2024-08-05T00:00:00,cmp_32,C,0.2625,0.95,0.917,1,-0.152
2024-08-14T00:00:00,cmp_27,B,0.1694,-0.425,-0.441,2,0.984
2024-04-20T00:00:00,cmp_49,C,0.3031,0.877,0.831,11,0.708
2024-02-28T00:00:00,cmp_23,B,0.1673,-0.429,-0.431,1,-0.353
2024-02-26T00:00:00,cmp_19,C,0.4004,0.479,0.414,11,0.139
2024-12-13T00:00:00,cmp_38,B,0.1097,0.865,0.887,5,0.223
2024-09-26T00:00:00,cmp_43,B,0.226,0.863,0.809,8,-0.366
2024-01-24T00:00:00,cmp_15,B,0.1891,0.936,0.869,5,0.399
2024-11-02T00:00:00,cmp_4,A,0.4517,0.268,0.173,15,0.089
2024-04-14T00:00:00,cmp_20,A,0.2029,0.712,0.676,5,0.152
2024-03-11T00:00:00,cmp_49,B,0.3496,-0.069,-0.098,12,-0.276
2024-05-28T00:00:00,cmp_21,A,0.0722,0.613,0.493,0,-0.495
2024-01-04T00:00:00,cmp_32,C,0.0455,0.604,0.601,0,0.124
2024-08-08T00:00:00,cmp_12,A,0.3631,0.298,0.304,2,0.547
2024-07-13T00:00:00,cmp_35,C,0.0843,-0.365,-0.366,2,-0.035
2024-04-27T00:00:00,cmp_33,C,0.4115,-0.96,-0.985,0,0.629
2024-12-08T00:00:00,cmp_23,A,0.0913,0.405,0.407,1,0.1
2024-07-22T00:00:00,cmp_48,A,0.2803,-0.058,-0.007,5,-0.202
2024-08-11T00:00:00,cmp_2,B,0.0103,0.542,0.579,0,0.752
2024-02-09T00:00:00,cmp_21,C,0.2351,0.857,0.818,3,0.37
2024-08-07T00:00:00,cmp_37,B,0.1289,0.534,0.472,3,0.3
2024-12-29T00:00:00,cmp_41,B,0.0471,-0.517,-0.586,1,-0.382
2024-05-28T00:00:00,cmp_8,B,0.3994,0.672,0.654,7,0.307
2024-01-11T00:00:00,cmp_21,A,0.024,-0.59,-0.627,1,0.231
2024-11-12T00:00:00,cmp_30,C,0.4134,0.202,0.202,6,-0.268
2024-07-04T00:00:00,cmp_6,B,0.1221,0.148,0.108,1,0.456
2024-02-24T00:00:00,cmp_16,B,0.0881,-0.963,-0.904,2,-0.035
2024-10-28T00:00:00,cmp_26,C,0.4022,0.671,0.627,0,-0.435
2024-02-10T00:00:00,cmp_26,B,0.0406,-0.511,-0.522,1,0.581
2024-06-22T00:00:00,cmp_15,B,0.3396,-0.444,-0.572,8,-0.013
2024-03-27T00:00:00,cmp_5,C,0.074,0.734,0.808,3,-0.311
2024-11-20T00:00:00,cmp_8,C,0.3051,-0.562,-0.547,1,0.165
2024-09-18T00:00:00,cmp_13,B,0.3182,-0.371,-0.291,9,0.116
2024-06-28T00:00:00,cmp_47,C,0.2552,-0.516,-0.46,9,0.225
2024-03-16T00:00:00,cmp_16,A,0.2287,-0.579,-0.658,2,0.114
2024-03-15T00:00:00,cmp_17,A,0.306,0.21,0.277,2,0.34
2024-03-29T00:00:00,cmp_39,A,0.137,0.865,0.858,5,-0.297
2024-12-01T00:00:00,cmp_5,A,0.2799,0.589,0.514,5,0.184
2024-11-17T00:00:00,cmp_32,B,0.2941,0.875,0.848,12,-0.047
2024-10-15T00:00:00,cmp_49,C,0.139,0.088,0.077,4,0.008
2024-08-17T00:00:00,cmp_44,C,0.0567,-0.76,-0.85,0,-0.429
2024-11-25T00:00:00,cmp_41,C,0.2378,-0.619,-0.533,3,0.505
2024-06-14T00:00:00,cmp_41,B,0.0184,0.283,0.28,0,0.813
2024-03-18T00:00:00,cmp_29,A,0.2058,0.09,0.116,8,-0.075
2024-08-28T00:00:00,cmp_29,C,0.0642,-0.025,0.045,2,-0.306
2024-06-04T00:00:00,cmp_18,C,0.0411,0.934,0.9,0,0.29
2024-01-29T00:00:00,cmp_23,C,0.0189,-0.612,-0.577,0,-0.216
2024-02-07T00:00:00,cmp_20,B,0.0726,0.888,0.824,1,0.094
2024-08-19T00:00:00,cmp_3,A,0.2485,0.881,0.867,7,0.244
2024-07-07T00:00:00,cmp_19,A,0.1489,0.081,0.116,3,0.774
2024-11-26T00:00:00,cmp_6,C,0.0542,0.267,0.278,0,-0.319
2024-10-31T00:00:00,cmp_33,B,0.0989,0.974,0.932,0,0.342
2024-08-24T00:00:00,cmp_38,C,0.5035,0.073,0.061,6,-0.256
2024-01-22T00:00:00,cmp_29,C,0.1354,-0.273,-0.184,1,-0.175
2024-11-29T00:00:00,cmp_13,B,0.0465,0.087,0.041,1,-0.371
2024-11-05T00:00:00,cmp_31,C,0.1328,-0.579,-0.669,1,-0.465
2024-03-18T00:00:00,cmp_4,B,0.1259,-0.732,-0.8,3,0.562
2024-02-22T00:00:00,cmp_22,C,0.5805,0.208,0.278,6,0.807
2024-02-13T00:00:00,cmp_33,C,0.2214,0.302,0.226,0,0.421
2024-03-29T00:00:00,cmp_3,A,0.1338,0.335,0.236,2,-0.293
2024-12-28T00:00:00,cmp_29,B,0.093,0.615,0.611,2,-0.336
2024-09-25T00:00:00,cmp_34,C,0.3458,-0.75,-0.742,8,0.92
2024-03-22T00:00:00,cmp_24,B,0.0528,-0.522,-0.502,0,0.68
2024-05-24T00:00:00,cmp_25,B,0.3534,0.171,0.275,3,-0.111
2024-06-22T00:00:00,cmp_44,C,0.2323,-0.298,-0.256,0,0.107
2024-01-27T00:00:00,cmp_41,C,0.1929,0.559,0.594,7,0.556
2024-06-20T00:00:00,cmp_5,B,0.1602,0.016,0.121,5,0.293
2024-02-18T00:00:00,cmp_36,C,0.2586,0.84,0.835,0,0.313
2024-07-16T00:00:00,cmp_19,B,0.0848,0.411,0.442,0,0.508
2024-12-02T00:00:00,cmp_39,A,0.3965,0.044,0.069,14,0.842
2024-06-19T00:00:00,cmp_6,C,0.3524,0.808,0.834,9,-0.02
2024-12-05T00:00:00,cmp_10,B,0.0906,0.804,0.732,3,0.173
2024-06-07T00:00:00,cmp_42,C,0.1107,0.381,0.436,2,0.27
2024-12-05T00:00:00,cmp_26,A,0.1855,-0.349,-0.355,2,0.435
2024-10-31T00:00:00,cmp_46,A,0.249,0.378,0.357,5,0.272
2024-06-07T00:00:00,cmp_36,B,0.226,-0.046,-0.064,3,0.432
2024-11-25T00:00:00,cmp_22,A,0.1298,-0.315,-0.264,2,0.655
2024-12-09T00:00:00,cmp_45,C,0.4565,-0.853,-0.737,11,0.224
2024-12-16T00:00:00,cmp_34,A,0.1995,0.762,0.737,6,-0.115
2024-11-26T00:00:00,cmp_43,B,0.1433,-0.938,-0.871,5,0.331
2024-09-17T00:00:00,cmp_24,A,0.1857,-0.855,-0.862,0,0.978
2024-07-04T00:00:00,cmp_20,A,0.2847,0.085,0.041,7,0.291
2024-04-19T00:00:00,cmp_22,B,0.2536,0.331,0.34,5,-0.254
2024-04-08T00:00:00,cmp_15,A,0.0878,0.325,0.289,1,-0.263
2024-03-20T00:00:00,cmp_5,B,0.3476,0.784,0.807,9,-0.368
2024-02-21T00:00:00,cmp_33,C,0.0859,0.438,0.365,1,0.256
2024-09-26T00:00:00,cmp_3,C,0.3616,-0.089,-0.196,6,0.886
2024-06-21T00:00:00,cmp_50,C,0.2062,-0.754,-0.798,1,0.98
2024-03-08T00:00:00,cmp_39,B,0.237,-0.554,-0.628,4,0.274
2024-03-19T00:00:00,cmp_11,A,0.0867,0.713,0.682,0,0.916
2024-12-20T00:00:00,cmp_50,C,0.2112,-0.683,-0.571,4,0.538
2024-03-25T00:00:00,cmp_47,B,0.0881,0.229,0.192,0,0.748
2024-01-23T00:00:00,cmp_27,B,0.4085,-0.009,-0.099,1,-0.153
2024-12-12T00:00:00,cmp_47,A,0.0523,-0.983,-1.038,1,0.759
2024-08-15T00:00:00,cmp_40,B,0.0423,-0.892,-0.784,0,0.832
2024-08-17T00:00:00,cmp_15,C,0.0349,0.412,0.268,1,0.236
2024-05-02T00:00:00,cmp_20,B,0.2361,0.761,0.812,1,-0.426
2024-04-09T00:00:00,cmp_24,C,0.0081,-0.841,-0.795,0,0.911
2024-10-19T00:00:00,cmp_29,B,0.2523,-0.326,-0.354,5,0.265
2024-05-24T00:00:00,cmp_50,B,0.1111,-0.237,-0.224,4,-0.289
2024-09-14T00:00:00,cmp_34,B,0.2367,0.06,0.108,4,-0.275
2024-03-23T00:00:00,cmp_13,C,0.2427,0.965,0.942,4,0.456
2024-03-11T00:00:00,cmp_17,A,0.2201,-0.578,-0.63,4,0.158
2024-11-24T00:00:00,cmp_31,B,0.2338,-0.452,-0.403,1,-0.028
2024-10-10T00:00:00,cmp_7,C,0.294,0.375,0.278,0,0.635
2024-09-21T00:00:00,cmp_8,B,0.1796,0.354,0.315,3,0.658
2024-02-12T00:00:00,cmp_49,A,0.1343,-0.179,-0.204,3,0.739
2024-05-19T00:00:00,cmp_29,C,0.0844,0.589,0.625,1,-0.352
2024-03-16T00:00:00,cmp_28,A,0.0779,-0.938,-0.945,1,0.94
2024-04-23T00:00:00,cmp_29,B,0.1659,0.264,0.185,8,-0.114
2024-01-14T00:00:00,cmp_27,A,0.1962,0.141,0.042,2,0.599
2024-07-21T00:00:00,cmp_33,B,0.0946,-0.372,-0.313,2,-0.287
2024-04-30T00:00:00,cmp_25,A,0.2167,0.768,0.759,2,0.379
2024-07-10T00:00:00,cmp_15,A,0.2315,-0.222,-0.205,2,-0.429
2024-06-12T00:00:00,cmp_7,C,0.3964,-0.39,-0.47,7,0.597
2024-11-28T00:00:00,cmp_22,A,0.1474,-0.433,-0.418,5,-0.5
2024-03-11T00:00:00,cmp_3,B,0.2159,-0.873,-0.851,5,0.308
2024-08-29T00:00:00,cmp_45,A,0.1448,-0.393,-0.4,2,0.882
2024-12-27T00:00:00,cmp_31,B,0.3134,0.567,0.536,8,0.064
2024-11-11T00:00:00,cmp_1,A,0.0061,-0.027,-0.052,0,-0.052
2024-01-10T00:00:00,cmp_17,A,0.1592,-0.27,-0.284,1,0.003
2024-03-17T00:00:00,cmp_36,C,0.2553,-0.617,-0.701,8,0.111
2024-11-07T00:00:00,cmp_34,B,0.1345,-0.685,-0.658,2,-0.476
2024-02-26T00:00:00,cmp_50,B,0.1613,0.743,0.691,2,-0.211
2024-05-01T00:00:00,cmp_20,A,0.276,-0.096,-0.076,8,-0.355
2024-01-25T00:00:00,cmp_16,B,0.3075,-0.951,-0.99,2,0.118
2024-11-23T00:00:00,cmp_40,B,0.2638,0.957,1.01,2,-0.122
2024-02-02T00:00:00,cmp_8,B,0.1024,-0.315,-0.394,1,-0.338
2024-11-01T00:00:00,cmp_35,A,0.1159,-0.947,-0.965,0,0.382
2024-11-19T00:00:00,cmp_33,C,0.2434,-0.858,-0.857,0,-0.216
2024-05-03T00:00:00,cmp_46,A,0.2033,-0.57,-0.596,2,0.128
2024-05-29T00:00:00,cmp_28,A,0.1388,0.734,0.812,1,0.62
2024-11-10T00:00:00,cmp_23,A,0.0673,0.651,0.646,1,0.617
2024-10-19T00:00:00,cmp_27,A,0.2669,-0.075,-0.078,2,0.678
2024-12-06T00:00:00,cmp_43,A,0.241,-0.934,-0.827,3,0.745
2024-09-25T00:00:00,cmp_24,A,0.1586,0.625,0.627,2,-0.301
2024-09-26T00:00:00,cmp_35,C,0.0922,-0.774,-0.785,1,0.095
2024-09-16T00:00:00,cmp_36,A,0.0598,0.03,-0.043,1,-0.244
2024-07-18T00:00:00,cmp_31,A,0.4578,-0.821,-0.787,17,0.385
2024-11-21T00:00:00,cmp_25,B,0.2872,-0.091,-0.056,5,-0.186
2024-05-09T00:00:00,cmp_48,A,0.0783,0.141,0.111,0,0.358
2024-07-01T00:00:00,cmp_5,B,0.2816,-0.383,-0.401,1,-0.305
2024-05-03T00:00:00,cmp_47,C,0.2423,-0.172,-0.215,6,0.481
2024-11-17T00:00:00,cmp_7,C,0.0891,0.39,0.444,3,0.162
2024-06-19T00:00:00,cmp_9,A,0.2421,0.803,0.845,4,0.993
2024-06-29T00:00:00,cmp_35,B,0.1309,0.747,0.661,2,0.557
2024-11-25T00:00:00,cmp_12,C,0.2001,0.532,0.534,1,-0.153
2024-08-25T00:00:00,cmp_45,B,0.1386,-0.151,-0.14,0,-0.036
2024-11-19T00:00:00,cmp_12,A,0.2606,0.303,0.353,11,-0.021
2024-02-02T00:00:00,cmp_46,B,0.4235,0.075,0.062,11,-0.466
2024-01-19T00:00:00,cmp_19,A,0.2509,0.575,0.477,10,-0.296
2024-01-23T00:00:00,cmp_13,A,0.1764,-0.204,-0.174,3,0.27
2024-06-10T00:00:00,cmp_20,C,0.2553,0.359,0.366,10,0.658
2024-07-22T00:00:00,cmp_35,B,0.1099,0.838,0.89,1,0.85
2024-05-09T00:00:00,cmp_3,C,0.0624,-0.86,-0.908,0,0.017
2024-04-07T00:00:00,cmp_19,B,0.254,0.747,0.672,8,0.644
2024-01-25T00:00:00,cmp_42,B,0.1789,0.086,-0.02,5,0.281
2024-05-19T00:00:00,cmp_8,B,0.2385,0.375,0.316,4,-0.125
2024-08-11T00:00:00,cmp_26,C,0.1694,-0.805,-0.745,6,-0.469
2024-08-13T00:00:00,cmp_25,B,0.1303,-0.93,-0.87,3,0.114
2024-04-05T00:00:00,cmp_32,C,0.5486,-0.15,-0.197,2,0.304
2024-09-11T00:00:00,cmp_24,C,0.1097,-0.544,-0.573,2,0.376
2024-05-16T00:00:00,cmp_6,C,0.1463,-0.176,-0.176,1,0.331
2024-08-05T00:00:00,cmp_6,B,0.1216,-0.88,-0.936,2,-0.012
2024-11-04T00:00:00,cmp_12,C,0.1101,0.171,0.142,2,-0.166
2024-05-30T00:00:00,cmp_21,A,0.1497,0.926,0.911,5,0.384
2024-02-10T00:00:00,cmp_21,C,0.0929,0.009,0.01,1,-0.398
2024-05-31T00:00:00,cmp_20,B,0.3847,0.767,0.827,3,0.244
2024-11-04T00:00:00,cmp_46,B,0.3249,-0.571,-0.638,6,-0.236
2024-03-26T00:00:00,cmp_45,B,0.091,-0.82,-0.809,1,0.386
2024-06-28T00:00:00,cmp_29,A,0.2221,-0.792,-0.854,3,-0.123
2024-06-29T00:00:00,cmp_40,B,0.2595,0.046,0.046,7,0.848
2024-05-20T00:00:00,cmp_41,A,0.2037,-0.474,-0.579,2,0.922
2024-02-08T00:00:00,cmp_43,C,0.3833,0.133,0.173,2,0.208
2024-07-26T00:00:00,cmp_24,C,0.2449,0.433,0.331,4,-0.295
2024-12-13T00:00:00,cmp_11,A,0.0613,0.373,0.288,0,0.762
2024-03-14T00:00:00,cmp_39,C,0.1667,-0.307,-0.242,2,0.379
2024-08-12T00:00:00,cmp_3,A,0.2304,-0.217,-0.284,6,-0.107
2024-02-04T00:00:00,cmp_16,C,0.2611,0.168,0.224,9,-0.137
2024-07-06T00:00:00,cmp_24,B,0.2562,0.84,0.937,2,0.205
2024-10-17T00:00:00,cmp_3,C,0.2361,0.634,0.65,5,-0.481
2024-03-19T00:00:00,cmp_44,B,0.2567,0.343,0.331,1,-0.493
2024-07-08T00:00:00,cmp_24,B,0.1229,-0.114,-0.115,3,0.716
2024-02-09T00:00:00,cmp_37,A,0.1874,0.961,0.936,0,0.241
2024-09-28T00:00:00,cmp_24,B,0.1373,0.511,0.591,5,0.457
2024-06-09T00:00:00,cmp_42,B,0.3141,-0.832,-0.816,5,0.224
2024-05-07T00:00:00,cmp_8,A,0.1602,0.656,0.672,5,0.39
2024-04-05T00:00:00,cmp_32,C,0.0888,0.219,0.194,1,0.465
2024-07-17T00:00:00,cmp_36,A,0.3267,0.728,0.751,8,-0.088
2024-05-14T00:00:00,cmp_50,B,0.0322,0.218,0.15,0,0.78
2024-12-26T00:00:00,cmp_29,A,0.1956,-0.866,-0.854,3,-0.088
2024-11-09T00:00:00,cmp_19,C,0.0654,0.51,0.577,0,0.473
2024-09-08T00:00:00,cmp_13,A,0.0549,0.175,0.136,1,0.011
2024-03-10T00:00:00,cmp_5,B,0.0655,0.26,0.27,1,0.011
2024-03-29T00:00:00,cmp_46,B,0.0316,-0.895,-0.906,0,-0.344
2024-02-14T00:00:00,cmp_44,B,0.2227,-0.149,-0.141,8,0.022
2024-12-07T00:00:00,cmp_23,C,0.4327,0.471,0.448,7,-0.026
2024-02-03T00:00:00,cmp_36,C,0.1368,0.094,0.125,4,-0.439
2024-05-28T00:00:00,cmp_20,A,0.1165,0.845,0.866,1,0.089
2024-12-30T00:00:00,cmp_46,C,0.2222,0.034,0.058,7,0.055
2024-11-22T00:00:00,cmp_12,B,0.0741,-0.338,-0.377,1,-0.293
2024-09-17T00:00:00,cmp_15,A,0.2048,0.744,0.738,6,-0.067
2024-04-12T00:00:00,cmp_9,A,0.4125,-0.711,-0.739,11,0.576
2024-09-09T00:00:00,cmp_2,B,0.2758,0.972,0.871,6,0.907
2024-10-10T00:00:00,cmp_37,B,0.2493,-0.168,-0.089,4,0.926
2024-08-27T00:00:00,cmp_36,A,0.2518,-0.354,-0.28,2,0.222
2024-11-09T00:00:00,cmp_6,A,0.1529,-0.29,-0.371,1,0.316
2024-06-07T00:00:00,cmp_26,C,0.0398,0.21,0.207,1,0.489
2024-09-02T00:00:00,cmp_34,B,0.1159,0.126,0.125,2,0.112
2024-07-28T00:00:00,cmp_37,A,0.1377,-0.114,-0.023,0,0.399
2024-03-05T00:00:00,cmp_21,C,0.4281,0.818,0.802,14,-0.006
2024-02-07T00:00:00,cmp_29,B,0.162,-0.467,-0.509,7,0.849
2024-12-14T00:00:00,cmp_34,B,0.4221,0.856,0.94,6,0.051
2024-03-06T00:00:00,cmp_50,C,0.1035,0.83,0.882,1,0.234
2024-11-23T00:00:00,cmp_38,A,0.218,0.542,0.485,4,-0.246
2024-03-07T00:00:00,cmp_28,C,0.0732,-0.91,-0.838,0,-0.055
2024-01-29T00:00:00,cmp_8,C,0.3644,0.439,0.376,10,0.312
2024-03-19T00:00:00,cmp_20,A,0.0714,0.641,0.676,1,0.106
2024-03-23T00:00:00,cmp_21,C,0.3343,-0.803,-0.788,7,-0.102
2024-04-25T00:00:00,cmp_23,C,0.1019,-0.671,-0.736,2,0.025
2024-05-25T00:00:00,cmp_6,B,0.114,0.451,0.51,2,-0.186
2024-04-10T00:00:00,cmp_41,C,0.0823,0.391,0.374,1,0.575
2024-05-20T00:00:00,cmp_9,C,0.4047,0.083,-0.012,17,0.765
2024-06-04T00:00:00,cmp_40,C,0.2223,-0.775,-0.733,5,-0.198
2024-02-17T00:00:00,cmp_33,C,0.1237,0.661,0.703,2,0.129
2024-03-27T00:00:00,cmp_38,C,0.3412,0.562,0.603,0,0.114
2024-03-19T00:00:00,cmp_11,C,0.1523,0.753,0.812,2,0.869
2024-11-15T00:00:00,cmp_47,C,0.3485,-0.981,-1.026,8,-0.466
2024-06-21T00:00:00,cmp_37,A,0.2084,-0.602,-0.663,4,0.506
2024-01-15T00:00:00,cmp_6,A,0.2892,0.035,0.067,5,0.887
2024-11-24T00:00:00,cmp_50,C,0.3105,0.646,0.676,8,-0.064
2024-05-15T00:00:00,cmp_42,A,0.1083,-0.911,-0.978,1,0.956
2024-10-19T00:00:00,cmp_27,C,0.5268,0.719,0.685,15,0.807
2024-11-23T00:00:00,cmp_2,B,0.0552,0.909,0.996,1,0.889
2024-11-17T00:00:00,cmp_35,B,0.453,0.836,0.818,9,-0.341
2024-11-24T00:00:00,cmp_20,B,0.2372,-0.627,-0.587,0,-0.35
2024-05-05T00:00:00,cmp_44,B,0.0913,-0.009,0.019,2,-0.178
2024-06-01T00:00:00,cmp_30,A,0.2068,0.218,0.106,3,-0.068
2024-12-18T00:00:00,cmp_4,A,0.2333,-0.061,-0.049,8,0.093
2024-08-13T00:00:00,cmp_27,B,0.4104,-0.811,-0.851,19,0.983
2024-08-25T00:00:00,cmp_14,B,0.3367,0.268,0.205,4,0.019
2024-11-06T00:00:00,cmp_10,B,0.1879,0.893,0.891,6,0.6
2024-06-12T00:00:00,cmp_47,B,0.2423,0.666,0.676,5,0.301
2024-07-23T00:00:00,cmp_9,B,0.0869,-0.795,-0.796,0,-0.408
2024-09-20T00:00:00,cmp_36,A,0.2398,-0.451,-0.508,2,-0.299
2024-06-12T00:00:00,cmp_16,B,0.141,-0.744,-0.773,2,0.608
2024-03-03T00:00:00,cmp_18,B,0.0189,-0.962,-0.993,0,-0.434
2024-05-06T00:00:00,cmp_10,A,0.2131,0.445,0.485,3,-0.214
2024-01-26T00:00:00,cmp_19,B,0.0706,0.744,0.738,2,-0.263
2024-11-11T00:00:00,cmp_27,A,0.1264,-0.033,-0.05,1,0.252
2024-03-22T00:00:00,cmp_21,C,0.267,-0.599,-0.639,5,-0.126
2024-06-09T00:00:00,cmp_13,A,0.1061,0.12,0.063,1,-0.117
2024-09-12T00:00:00,cmp_33,B,0.3435,0.396,0.341,3,0.097
2024-09-12T00:00:00,cmp_20,B,0.1303,-0.429,-0.364,4,-0.053
2024-01-12T00:00:00,cmp_6,B,0.1182,0.064,0.079,4,0.714
2024-09-15T00:00:00,cmp_30,A,0.0843,-0.098,-0.061,1,-0.218
2024-04-20T00:00:00,cmp_38,B,0.0418,-0.661,-0.661,0,0.578
2024-01-25T00:00:00,cmp_4,B,0.097,0.209,0.261,3,-0.486
2024-09-10T00:00:00,cmp_39,C,0.0567,-0.016,0.011,0,0.653
2024-12-10T00:00:00,cmp_31,B,0.261,0.895,0.883,3,0.451
2024-10-01T00:00:00,cmp_1,A,0.1501,0.075,0.057,2,0.993
2024-08-08T00:00:00,cmp_9,B,0.4569,0.537,0.517,5,-0.121
2024-07-06T00:00:00,cmp_49,B,0.1437,-0.171,-0.165,1,0.896
2024-07-06T00:00:00,cmp_3,B,0.1572,0.25,0.251,5,-0.33
2024-01-27T00:00:00,cmp_37,C,0.1729,-0.271,-0.189,5,0.03
2024-04-09T00:00:00,cmp_24,C,0.2719,0.073,0.108,12,0.114
2024-05-27T00:00:00,cmp_5,B,0.2652,0.718,0.672,1,0.987
2024-09-15T00:00:00,cmp_29,C,0.34,0.008,0.018,7,-0.416
2024-05-23T00:00:00,cmp_40,C,0.3326,0.698,0.732,11,0.282
2024-11-08T00:00:00,cmp_8,A,0.1588,-0.58,-0.62,3,-0.413
2024-02-19T00:00:00,cmp_26,B,0.3618,-0.89,-0.842,3,0.51
2024-06-22T00:00:00,cmp_36,B,0.3945,0.438,0.413,1,0.577
2024-03-14T00:00:00,cmp_13,C,0.2844,0.835,0.817,2,0.087
2024-09-17T00:00:00,cmp_26,C,0.0421,-0.576,-0.579,0,-0.083
2024-01-21T00:00:00,cmp_3,A,0.1335,0.749,0.7,0,0.624
2024-03-11T00:00:00,cmp_46,B,0.0456,-0.46,-0.603,1,0.269
2024-08-30T00:00:00,cmp_34,B,0.1554,0.499,0.525,4,-0.296
2024-03-17T00:00:00,cmp_39,C,0.2615,0.269,0.328,3,-0.032
2024-03-12T00:00:00,cmp_21,C,0.0422,-0.058,0.008,1,0.728
2024-06-12T00:00:00,cmp_11,B,0.3224,0.526,0.548,8,0.594
2024-11-11T00:00:00,cmp_48,B,0.2312,-0.943,-0.966,7,0.864
2024-10-30T00:00:00,cmp_22,C,0.0417,0.125,0.106,0,0.337
2024-09-17T00:00:00,cmp_35,B,0.1325,-0.18,-0.112,4,0.287
2024-12-28T00:00:00,cmp_37,B,0.0227,0.166,0.139,0,0.481
2024-08-31T00:00:00,cmp_2,B,0.0891,-0.006,0.099,1,-0.452
2024-06-18T00:00:00,cmp_44,A,0.0791,-0.256,-0.241,0,0.074
2024-08-01T00:00:00,cmp_38,B,0.2105,-0.324,-0.308,3,0.555
2024-12-18T00:00:00,cmp_41,A,0.1033,0.409,0.363,0,-0.242
2024-11-01T00:00:00,cmp_31,B,0.1604,0.642,0.671,5,0.24
2024-12-01T00:00:00,cmp_50,C,0.0553,-0.762,-0.719,2,0.33
2024-10-22T00:00:00,cmp_15,C,0.4132,-0.217,-0.142,1,0.833
2024-01-27T00:00:00,cmp_38,B,0.0925,0.803,0.813,3,0.424
2024-03-28T00:00:00,cmp_34,C,0.5106,-0.085,-0.133,4,0.278
2024-11-13T00:00:00,cmp_50,B,0.0859,0.359,0.242,3,0.064
2024-03-16T00:00:00,cmp_44,A,0.1223,-0.398,-0.407,5,-0.472
2024-01-17T00:00:00,cmp_37,C,0.2426,0.043,0.016,6,-0.018
2024-02-26T00:00:00,cmp_13,A,0.0876,-0.338,-0.352,2,-0.322
2024-08-13T00:00:00,cmp_21,B,0.0343,0.358,0.449,1,0.686
2024-03-18T00:00:00,cmp_27,C,0.3425,-0.364,-0.352,14,-0.1
2024-04-14T00:00:00,cmp_27,C,0.0592,0.87,0.872,2,0.252
2024-11-09T00:00:00,cmp_31,C,0.1397,-0.916,-0.908,2,0.207
2024-02-01T00:00:00,cmp_46,A,0.1451,0.844,0.96,2,0.745
2024-09-22T00:00:00,cmp_14,C,0.1841,-0.713,-0.721,7,0.284
2024-06-15T00:00:00,cmp_43,B,0.1091,0.822,0.812,3,0.997
2024-09-26T00:00:00,cmp_25,B,0.2152,-0.437,-0.408,2,0.93
2024-03-29T00:00:00,cmp_30,C,0.0732,0.911,0.886,2,-0.151
2024-06-24T00:00:00,cmp_35,B,0.0445,0.573,0.545,1,-0.125
2024-12-12T00:00:00,cmp_50,C,0.3407,-0.129,-0.169,15,0.451
2024-12-14T00:00:00,cmp_42,C,0.175,0.213,0.269,4,0.048
2024-05-15T00:00:00,cmp_40,B,0.1711,0.628,0.662,5,0.562
2024-04-08T00:00:00,cmp_16,B,0.2504,0.091,0.141,7,-0.423
2024-10-12T00:00:00,cmp_20,A,0.3665,-0.694,-0.716,2,-0.096
2024-06-01T00:00:00,cmp_50,B,0.2139,0.876,0.903,1,-0.377
2024-12-26T00:00:00,cmp_14,C,0.4404,0.681,0.729,16,-0.015
2024-12-26T00:00:00,cmp_32,B,0.0703,-0.426,-0.582,2,0.017
2024-09-02T00:00:00,cmp_23,C,0.1419,0.354,0.305,2,0.214
2024-05-20T00:00:00,cmp_19,A,0.2038,0.948,0.893,5,0.041
2024-10-20T00:00:00,cmp_44,C,0.0318,-0.129,-0.116,0,-0.058
2024-07-13T00:00:00,cmp_26,B,0.1678,-0.982,-1.009,3,0.418
2024-03-15T00:00:00,cmp_19,A,0.1004,-0.094,-0.126,0,0.269
2024-05-27T00:00:00,cmp_46,A,0.0222,-0.012,0.028,1,0.61
2024-06-26T00:00:00,cmp_29,C,0.3852,-0.892,-0.852,2,0.395
2024-05-11T00:00:00,cmp_48,B,0.0405,0.476,0.49,1,0.114
2024-04-19T00:00:00,cmp_13,C,0.1604,0.857,0.88,2,0.385
2024-05-18T00:00:00,cmp_36,C,0.2856,0.804,0.811,4,0.115
2024-05-19T00:00:00,cmp_9,A,0.156,0.554,0.559,5,0.439
2024-11-11T00:00:00,cmp_48,C,0.1414,-0.052,-0.08,1,0.492
2024-05-02T00:00:00,cmp_16,A,0.1037,0.073,0.101,1,0.628
2024-12-08T00:00:00,cmp_34,A,0.2724,-0.654,-0.722,6,0.422
2024-11-22T00:00:00,cmp_15,A,0.0399,-0.56,-0.501,1,0.052
2024-02-21T00:00:00,cmp_27,B,0.2199,0.138,0.169,5,0.148
2024-08-29T00:00:00,cmp_7,C,0.0877,-0.993,-1.059,3,-0.132
2024-03-11T00:00:00,cmp_1,C,0.1375,0.544,0.558,4,-0.218
2024-03-21T00:00:00,cmp_27,C,0.3294,-0.088,-0.005,10,-0.393
2024-08-31T00:00:00,cmp_31,C,0.2139,-0.044,-0.084,8,-0.223
2024-04-12T00:00:00,cmp_49,B,0.235,0.324,0.386,9,-0.326
2024-06-13T00:00:00,cmp_19,C,0.3679,0.776,0.733,9,0.059
2024-01-31T00:00:00,cmp_50,A,0.3435,-0.272,-0.242,4,-0.185
2024-11-29T00:00:00,cmp_37,A,0.1476,0.053,0.164,0,0.816
2024-09-30T00:00:00,cmp_48,C,0.0394,-0.692,-0.587,1,0.47
2024-01-20T00:00:00,cmp_12,B,0.2137,0.195,0.29,0,0.151
2024-03-31T00:00:00,cmp_3,B,0.1186,0.918,0.951,4,0.254
2024-09-10T00:00:00,cmp_12,C,0.3746,-0.739,-0.764,2,0.113
2024-05-28T00:00:00,cmp_3,A,0.0875,0.553,0.528,0,0.394
2024-06-01T00:00:00,cmp_37,C,0.1918,0.401,0.385,3,0.241
2024-02-24T00:00:00,cmp_22,B,0.0993,-0.273,-0.266,2,-0.117
2024-08-20T00:00:00,cmp_42,C,0.3302,-0.417,-0.371,3,0.907
2024-09-25T00:00:00,cmp_32,A,0.2465,0.417,0.462,10,-0.298
2024-09-15T00:00:00,cmp_30,B,0.1128,0.939,0.826,1,-0.401
2024-04-08T00:00:00,cmp_8,B,0.2624,-0.8,-0.892,4,0.898
2024-03-24T00:00:00,cmp_47,B,0.1127,-0.431,-0.453,0,0.418
2024-11-27T00:00:00,cmp_17,C,0.297,0.58,0.481,6,0.484
2024-04-05T00:00:00,cmp_1,C,0.3446,0.303,0.314,5,0.789
2024-06-21T00:00:00,cmp_19,C,0.121,-0.35,-0.399,4,-0.462
2024-12-11T00:00:00,cmp_49,A,0.5709,-0.257,-0.225,1,0.15
2024-03-30T00:00:00,cmp_40,C,0.1664,-0.321,-0.267,1,0.52
2024-07-26T00:00:00,cmp_28,C,0.108,0.706,0.719,0,0.228
2024-06-16T00:00:00,cmp_6,B,0.0139,-0.219,-0.174,0,0.92
2024-12-08T00:00:00,cmp_7,A,0.0893,0.184,0.168,0,-0.05
2024-03-12T00:00:00,cmp_31,B,0.2121,0.698,0.762,9,0.22
2024-05-07T00:00:00,cmp_1,B,0.0585,-0.724,-0.808,3,-0.421
2024-07-15T00:00:00,cmp_16,B,0.2663,0.921,0.81,7,-0.119
2024-05-16T00:00:00,cmp_22,B,0.0473,-0.454,-0.46,1,-0.496
2024-10-25T00:00:00,cmp_47,C,0.0772,0.309,0.363,1,0.906
2024-01-06T00:00:00,cmp_17,C,0.0344,-0.818,-0.802,0,-0.426
2024-07-03T00:00:00,cmp_45,A,0.0085,0.638,0.712,0,0.578
2024-02-01T00:00:00,cmp_43,A,0.0552,0.4,0.298,1,0.739
2024-08-26T00:00:00,cmp_20,A,0.4181,0.065,0.114,6,0.462
2024-07-26T00:00:00,cmp_44,C,0.0361,0.492,0.501,1,-0.193
2024-12-26T00:00:00,cmp_50,B,0.077,0.126,0.101,0,0.85
2024-12-19T00:00:00,cmp_8,C,0.195,0.709,0.688,3,-0.467
2024-05-31T00:00:00,cmp_24,C,0.0944,0.325,0.267,0,-0.013
2024-04-23T00:00:00,cmp_15,A,0.3486,0.436,0.435,13,0.915
2024-09-01T00:00:00,cmp_10,B,0.1455,0.591,0.679,1,0.985
2024-11-06T00:00:00,cmp_24,B,0.3766,0.243,0.26,4,-0.308
2024-12-25T00:00:00,cmp_36,B,0.2657,0.213,0.232,0,0.873
2024-10-02T00:00:00,cmp_43,A,0.1824,-0.912,-0.949,4,0.755
2024-05-06T00:00:00,cmp_44,C,0.0843,0.53,0.522,2,0.135
2024-02-11T00:00:00,cmp_34,B,0.2564,0.02,-0.022,3,0.294
2024-09-27T00:00:00,cmp_46,B,0.2565,-0.626,-0.633,5,0.027
2024-02-09T00:00:00,cmp_37,A,0.3451,-0.246,-0.252,4,0.844
2024-02-01T00:00:00,cmp_36,C,0.0386,0.348,0.314,0,-0.365
2024-04-13T00:00:00,cmp_37,C,0.1643,0.175,0.077,0,-0.023
2024-03-17T00:00:00,cmp_11,B,0.191,-0.572,-0.64,0,0.323
2024-09-23T00:00:00,cmp_29,A,0.1276,-0.784,-0.822,4,0.263
2024-12-14T00:00:00,cmp_14,C,0.1654,0.894,0.965,0,-0.152
2024-10-25T00:00:00,cmp_32,A,0.4813,-0.375,-0.349,9,-0.233
2024-09-18T00:00:00,cmp_29,A,0.1954,0.903,0.916,1,0.089
2024-08-20T00:00:00,cmp_9,C,0.1471,0.538,0.549,1,0.143
2024-07-31T00:00:00,cmp_30,C,0.074,0.843,0.828,1,0.876
2024-01-30T00:00:00,cmp_36,B,0.3787,0.21,0.143,1,0.533
2024-12-10T00:00:00,cmp_20,C,0.1653,0.224,0.19,4,0.645
2024-01-12T00:00:00,cmp_26,B,0.2126,0.679,0.673,3,0.385
2024-01-02T00:00:00,cmp_48,A,0.0934,-0.802,-0.887,1,0.888
2024-10-23T00:00:00,cmp_5,A,0.0702,-0.8,-0.794,1,0.511
2024-08-04T00:00:00,cmp_23,C,0.3576,0.861,0.872,6,-0.056
2024-02-02T00:00:00,cmp_35,A,0.2312,-0.651,-0.654,8,0.433
2024-02-05T00:00:00,cmp_31,A,0.119,-0.327,-0.332,4,-0.3
2024-05-26T00:00:00,cmp_27,A,0.1119,0.22,0.191,2,0.589
2024-03-10T00:00:00,cmp_50,C,0.5212,-0.195,-0.248,6,0.642
2024-11-26T00:00:00,cmp_27,B,0.0349,-0.893,-0.82,0,0.098
2024-07-14T00:00:00,cmp_29,B,0.2213,0.48,0.409,6,-0.288
2024-07-11T00:00:00,cmp_6,C,0.2541,0.677,0.698,1,0.333
2024-12-04T00:00:00,cmp_35,A,0.3363,0.188,0.23,7,-0.318
2024-11-30T00:00:00,cmp_23,A,0.2005,0.906,0.907,6,-0.23
2024-04-01T00:00:00,cmp_35,B,0.205,-0.755,-0.769,8,-0.119
2024-09-27T00:00:00,cmp_9,C,0.3176,0.509,0.5,3,-0.086
2024-04-24T00:00:00,cmp_1,A,0.1089,0.36,0.358,3,-0.124
2024-06-01T00:00:00,cmp_30,C,0.2145,0.357,0.352,3,0.209
2024-10-05T00:00:00,cmp_28,C,0.1911,-0.57,-0.628,2,0.755
2024-07-13T00:00:00,cmp_15,A,0.3842,-0.522,-0.541,16,-0.19
2024-08-23T00:00:00,cmp_23,A,0.1628,0.104,0.091,3,-0.425
2024-05-21T00:00:00,cmp_13,C,0.2194,0.822,0.732,4,0.574
2024-02-27T00:00:00,cmp_3,C,0.27,0.972,0.959,3,0.591
2024-08-02T00:00:00,cmp_40,A,0.263,-0.65,-0.742,9,0.835
2024-05-03T00:00:00,cmp_14,A,0.2901,0.149,0.174,2,-0.468
2024-02-21T00:00:00,cmp_39,A,0.228,-0.563,-0.639,2,-0.254
2024-08-16T00:00:00,cmp_39,C,0.1425,-0.342,-0.407,2,0.356
2024-12-26T00:00:00,cmp_4,A,0.2903,-0.309,-0.364,1,-0.277
2024-01-23T00:00:00,cmp_26,B,0.0585,-0.848,-0.901,1,-0.033
2024-04-29T00:00:00,cmp_35,A,0.2408,-0.792,-0.83,4,0.565
2024-01-29T00:00:00,cmp_9,C,0.4436,0.428,0.377,1,0.157
2024-05-28T00:00:00,cmp_15,C,0.0798,0.716,0.701,1,0.605
2024-10-21T00:00:00,cmp_21,C,0.2059,0.389,0.397,2,-0.127
2024-11-02T00:00:00,cmp_50,C,0.1093,-0.388,-0.424,3,-0.309
2024-06-13T00:00:00,cmp_16,B,0.3965,0.333,0.25,17,0.462
2024-03-14T00:00:00,cmp_43,C,0.3289,-0.046,-0.05,4,-0.301
2024-04-23T00:00:00,cmp_27,B,0.1486,0.139,0.175,3,-0.036
2024-05-20T00:00:00,cmp_4,C,0.1212,0.872,0.916,5,-0.253
2024-10-29T00:00:00,cmp_48,A,0.0845,-0.813,-0.767,1,0.506
2024-11-16T00:00:00,cmp_44,B,0.1724,0.515,0.498,2,0.345
2024-10-11T00:00:00,cmp_32,A,0.2121,0.618,0.62,6,0.445
2024-06-25T00:00:00,cmp_42,C,0.1763,0.713,0.78,0,0.236
2024-07-14T00:00:00,cmp_34,B,0.1054,0.121,0.203,1,-0.417
2024-12-22T00:00:00,cmp_27,B,0.1084,0.95,0.968,3,0.522
2024-03-17T00:00:00,cmp_20,B,0.1069,0.853,0.789,2,0.879
2024-04-04T00:00:00,cmp_49,C,0.1907,-0.958,-0.978,3,0.199
2024-08-30T00:00:00,cmp_16,A,0.0774,-0.813,-0.858,1,-0.307
2024-06-02T00:00:00,cmp_46,A,0.156,-0.901,-0.857,6,0.77
2024-08-25T00:00:00,cmp_4,C,0.3155,-0.094,-0.125,7,0.817
2024-07-30T00:00:00,cmp_27,C,0.1804,-0.684,-0.692,1,0.876
2024-09-28T00:00:00,cmp_9,B,0.4026,0.179,0.183,13,-0.086
2024-05-04T00:00:00,cmp_17,A,0.1097,0.309,0.303,2,0.661
2024-06-18T00:00:00,cmp_42,A,0.1388,-0.342,-0.344,4,0.829
2024-08-18T00:00:00,cmp_24,A,0.5446,-0.121,-0.205,16,-0.036
2024-10-01T00:00:00,cmp_47,A,0.4318,0.702,0.754,6,0.336
2024-01-27T00:00:00,cmp_18,B,0.1133,-0.208,-0.233,3,-0.005
2024-12-10T00:00:00,cmp_39,C,0.1105,0.129,0.195,3,0.928
2024-01-21T00:00:00,cmp_5,A,0.1332,0.727,0.707,1,0.123
2024-10-27T00:00:00,cmp_47,C,0.0138,-0.578,-0.518,0,-0.389
2024-10-13T00:00:00,cmp_14,B,0.116,0.233,0.21,2,0.81
2024-04-16T00:00:00,cmp_22,B,0.1015,-0.406,-0.429,2,0.14
2024-01-08T00:00:00,cmp_14,A,0.3185,-0.054,-0.025,7,0.64
2024-03-01T00:00:00,cmp_48,B,0.2175,0.978,0.967,2,0.505
2024-05-04T00:00:00,cmp_45,C,0.1319,0.526,0.483,2,0.778
2024-12-26T00:00:00,cmp_14,B,0.2291,-0.025,-0.053,3,-0.293
2024-05-02T00:00:00,cmp_36,B,0.0844,0.094,0.059,1,0.421
2024-05-24T00:00:00,cmp_25,B,0.0452,0.211,0.268,0,0.227
2024-09-30T00:00:00,cmp_42,B,0.044,-0.378,-0.31,1,-0.258
2024-06-06T00:00:00,cmp_17,B,0.2269,0.018,-0.016,6,0.987
2024-09-19T00:00:00,cmp_32,B,0.1816,-0.608,-0.533,3,0.228
2024-02-20T00:00:00,cmp_47,B,0.157,-0.576,-0.573,7,0.21
2024-06-12T00:00:00,cmp_14,B,0.2695,0.595,0.512,10,0.342
2024-06-09T00:00:00,cmp_27,A,0.3103,-0.257,-0.246,1,-0.441
2024-10-15T00:00:00,cmp_15,C,0.1792,0.482,0.565,1,0.084
2024-03-15T00:00:00,cmp_2,B,0.3644,-0.977,-0.927,7,0.141
2024-10-10T00:00:00,cmp_38,C,0.2571,-0.809,-0.781,8,0.384
2024-08-01T00:00:00,cmp_19,A,0.1361,0.439,0.439,2,0.422
2024-04-10T00:00:00,cmp_22,A,0.0626,-0.983,-0.986,0,0.954
2024-07-13T00:00:00,cmp_37,A,0.2539,-0.611,-0.599,2,0.419
2024-09-12T00:00:00,cmp_36,C,0.2726,0.319,0.261,2,0.493
2024-12-16T00:00:00,cmp_22,B,0.0452,-0.346,-0.326,1,0.306
2024-09-07T00:00:00,cmp_47,C,0.2304,0.682,0.676,6,0.055
2024-09-08T00:00:00,cmp_30,A,0.1122,-0.374,-0.283,2,0.361
2024-06-29T00:00:00,cmp_11,A,0.3159,-0.478,-0.458,2,0.495
2024-10-06T00:00:00,cmp_32,A,0.1595,-0.178,-0.22,3,-0.097
2024-10-04T00:00:00,cmp_42,A,0.1338,-0.798,-0.789,2,0.671
2024-09-25T00:00:00,cmp_3,A,0.0467,-0.082,-0.101,0,0.39
2024-12-08T00:00:00,cmp_4,A,0.165,-0.758,-0.758,6,0.997
2024-07-30T00:00:00,cmp_9,C,0.1986,-0.063,-0.086,5,0.137
2024-04-28T00:00:00,cmp_5,C,0.106,0.103,0.181,2,0.52
2024-03-18T00:00:00,cmp_1,A,0.3193,-0.823,-0.886,1,0.745
2024-09-15T00:00:00,cmp_30,B,0.0769,-0.547,-0.517,0,-0.189
2024-01-31T00:00:00,cmp_40,C,0.2127,0.68,0.783,9,0.71
2024-12-07T00:00:00,cmp_40,B,0.2094,-0.357,-0.284,0,0.149
2024-12-03T00:00:00,cmp_32,A,0.2624,0.183,0.269,6,-0.481
2024-01-04T00:00:00,cmp_35,C,0.1805,0.324,0.276,4,-0.366
2024-07-29T00:00:00,cmp_1,A,0.3193,0.36,0.346,2,0.464
2024-09-28T00:00:00,cmp_47,B,0.4104,0.366,0.409,12,0.379
2024-10-01T00:00:00,cmp_19,A,0.1498,-0.881,-0.908,1,0.372
2024-09-14T00:00:00,cmp_45,C,0.0255,-0.224,-0.216,0,0.734
2024-08-08T00:00:00,cmp_12,A,0.2611,0.391,0.384,3,0.158
2024-02-19T00:00:00,cmp_34,A,0.0231,-0.098,-0.055,0,0.799
2024-05-03T00:00:00,cmp_13,C,0.1907,-0.729,-0.694,6,-0.266
2024-09-26T00:00:00,cmp_17,B,0.0998,0.15,0.146,1,-0.457
2024-05-16T00:00:00,cmp_26,A,0.3286,0.493,0.523,13,0.106
2024-07-10T00:00:00,cmp_26,B,0.1517,0.387,0.377,1,-0.23
2024-10-16T00:00:00,cmp_16,C,0.1867,0.207,0.217,3,0.503
2024-04-25T00:00:00,cmp_20,C,0.1996,-0.856,-0.847,2,-0.423
2024-02-11T00:00:00,cmp_42,C,0.1249,0.496,0.537,3,0.096
2024-01-17T00:00:00,cmp_6,B,0.0653,0.183,0.189,0,0.721
2024-07-13T00:00:00,cmp_25,C,0.5682,0.443,0.439,20,-0.289
2024-08-31T00:00:00,cmp_4,C,0.0298,0.324,0.272,0,-0.331
2024-01-05T00:00:00,cmp_45,A,0.1708,0.657,0.667,2,0.355
2024-02-12T00:00:00,cmp_32,B,0.0638,-0.534,-0.497,1,0.622
2024-11-26T00:00:00,cmp_22,C,0.2132,0.5,0.522,1,-0.237
2024-02-18T00:00:00,cmp_34,A,0.2678,-0.573,-0.617,8,0.431
2024-04-27T00:00:00,cmp_14,C,0.109,-0.282,-0.273,1,0.577
2024-10-17T00:00:00,cmp_31,B,0.0152,0.525,0.625,0,0.846
2024-01-24T00:00:00,cmp_5,C,0.3067,-0.651,-0.685,15,0.687
2024-05-23T00:00:00,cmp_35,C,0.1164,0.117,0.124,1,-0.421
2024-12-02T00:00:00,cmp_3,A,0.1152,-0.889,-0.969,3,-0.496
2024-06-10T00:00:00,cmp_2,A,0.5027,-0.711,-0.679,8,-0.206
2024-10-27T00:00:00,cmp_10,C,0.2702,-0.165,-0.189,4,-0.049
2024-07-22T00:00:00,cmp_5,B,0.1505,-0.09,-0.098,1,-0.082
2024-03-24T00:00:00,cmp_37,A,0.081,0.055,-0.015,0,0.001
2024-10-17T00:00:00,cmp_25,C,0.218,0.043,0.01,6,-0.232
2024-10-03T00:00:00,cmp_22,B,0.3786,-0.13,-0.14,3,0.435
2024-03-12T00:00:00,cmp_45,C,0.2281,-0.772,-0.784,8,-0.034
2024-02-10T00:00:00,cmp_33,C,0.1491,0.748,0.735,4,0.831
2024-06-26T00:00:00,cmp_4,A,0.158,0.573,0.58,3,0.951
2024-08-11T00:00:00,cmp_15,A,0.2974,-0.573,-0.607,5,0.14
2024-06-23T00:00:00,cmp_39,C,0.5743,-0.096,-0.089,13,0.008
2024-10-31T00:00:00,cmp_26,B,0.3917,0.347,0.306,5,-0.472
2024-01-16T00:00:00,cmp_41,B,0.0458,-0.111,-0.094,1,-0.062
2024-08-18T00:00:00,cmp_32,A,0.2073,-0.525,-0.551,3,0.255
2024-07-01T00:00:00,cmp_36,B,0.2991,-0.813,-0.824,7,0.862
2024-08-09T00:00:00,cmp_12,C,0.2501,-0.779,-0.734,11,0.075
2024-10-26T00:00:00,cmp_43,B,0.1381,0.895,0.908,5,0.456
2024-02-13T00:00:00,cmp_50,C,0.0582,0.954,1.013,0,0.373
2024-05-31T00:00:00,cmp_16,C,0.15,-0.159,-0.138,2,0.166
2024-02-07T00:00:00,cmp_6,B,0.2895,0.121,0.073,5,0.972
2024-03-19T00:00:00,cmp_25,C,0.2218,0.642,0.685,5,-0.068
2024-11-20T00:00:00,cmp_10,C,0.1022,0.725,0.755,2,-0.228
2024-07-18T00:00:00,cmp_21,B,0.1195,-0.546,-0.609,3,0.034
2024-02-24T00:00:00,cmp_6,A,0.1559,-0.397,-0.497,4,-0.199
2024-06-06T00:00:00,cmp_29,B,0.2899,-0.554,-0.599,4,0.155
2024-05-18T00:00:00,cmp_7,A,0.2059,0.104,0.11,2,-0.343
2024-02-14T00:00:00,cmp_12,B,0.0674,0.308,0.268,1,-0.363
2024-08-17T00:00:00,cmp_36,C,0.0359,-0.91,-0.87,0,-0.497
2024-09-19T00:00:00,cmp_27,A,0.2697,-0.802,-0.819,6,0.094
2024-01-14T00:00:00,cmp_6,B,0.3089,-0.561,-0.619,4,0.601
2024-10-10T00:00:00,cmp_6,C,0.0914,-0.626,-0.566,4,-0.147
2024-11-02T00:00:00,cmp_21,B,0.2177,0.117,0.107,0,0.775
2024-01-07T00:00:00,cmp_19,B,0.222,-0.703,-0.668,2,0.783
2024-07-17T00:00:00,cmp_50,A,0.0308,-0.279,-0.263,0,0.676
2024-10-13T00:00:00,cmp_16,C,0.1501,0.387,0.397,1,0.963
2024-09-23T00:00:00,cmp_11,C,0.2908,-0.328,-0.313,4,0.226
2024-07-13T00:00:00,cmp_11,A,0.0842,-0.306,-0.348,2,-0.445
2024-05-17T00:00:00,cmp_20,B,0.2353,0.918,0.909,5,-0.01
2024-09-09T00:00:00,cmp_10,A,0.1194,0.708,0.728,3,0.657
2024-03-26T00:00:00,cmp_28,B,0.1142,0.065,0.071,3,-0.498
2024-08-03T00:00:00,cmp_20,B,0.1043,-0.573,-0.586,3,0.305
2024-02-09T00:00:00,cmp_24,B,0.2682,-0.388,-0.455,2,0.455
2024-05-06T00:00:00,cmp_47,C,0.1515,-0.322,-0.274,0,0.357
2024-09-10T00:00:00,cmp_39,C,0.0289,-0.635,-0.63,0,0.795
2024-04-10T00:00:00,cmp_30,A,0.0514,-0.605,-0.512,0,0.146
2024-03-10T00:00:00,cmp_20,A,0.1718,-0.929,-0.981,2,0.072
2024-07-21T00:00:00,cmp_22,C,0.0843,-0.047,-0.06,1,0.779
2024-07-13T00:00:00,cmp_22,B,0.6092,0.269,0.259,12,-0.259
2024-06-20T00:00:00,cmp_28,C,0.2775,-0.652,-0.631,9,-0.404
2024-10-31T00:00:00,cmp_9,B,0.0327,0.976,0.915,0,0.206
2024-06-13T00:00:00,cmp_39,C,0.431,0.758,0.754,17,0.632
2024-04-12T00:00:00,cmp_31,B,0.2452,0.549,0.506,6,-0.338
2024-03-31T00:00:00,cmp_26,B,0.0701,0.711,0.725,2,0.153
2024-05-29T00:00:00,cmp_48,C,0.0783,0.152,0.131,1,0.677
2024-11-20T00:00:00,cmp_32,C,0.2656,0.316,0.261,2,0.372
2024-05-04T00:00:00,cmp_21,B,0.0727,-0.332,-0.355,2,-0.362
2024-05-23T00:00:00,cmp_26,B,0.169,0.062,0.053,5,0.524
2024-02-28T00:00:00,cmp_37,A,0.157,-0.248,-0.176,0,-0.161
2024-10-30T00:00:00,cmp_35,A,0.088,-0.335,-0.297,0,0.389
2024-12-15T00:00:00,cmp_50,C,0.0196,-0.46,-0.534,1,-0.306
2024-01-14T00:00:00,cmp_47,B,0.2111,-0.496,-0.539,3,0.062
2024-12-28T00:00:00,cmp_14,B,0.318,-0.562,-0.521,5,0.329
2024-05-29T00:00:00,cmp_45,A,0.4509,-0.201,-0.17,10,-0.217
2024-07-28T00:00:00,cmp_44,B,0.1879,-0.191,-0.264,5,0.184
2024-03-12T00:00:00,cmp_41,B,0.0885,-0.036,-0.026,0,0.953
2024-05-03T00:00:00,cmp_17,C,0.3099,0.888,0.85,7,0.133
2024-03-19T00:00:00,cmp_46,B,0.1203,-0.017,-0.044,2,-0.472
2024-07-12T00:00:00,cmp_5,B,0.2165,-0.348,-0.35,0,0.62
2024-11-02T00:00:00,cmp_31,C,0.146,0.204,0.196,0,0.181
2024-07-24T00:00:00,cmp_35,C,0.1685,0.323,0.346,3,0.175
2024-12-20T00:00:00,cmp_27,C,0.2064,0.226,0.326,6,0.579
2024-01-19T00:00:00,cmp_24,C,0.0486,0.181,0.177,1,0.091
2024-10-01T00:00:00,cmp_39,C,0.2231,0.117,0.092,3,0.06
2024-02-13T00:00:00,cmp_7,A,0.1296,0.146,0.144,3,-0.44
2024-12-02T00:00:00,cmp_43,B,0.3698,-0.742,-0.731,8,0.919
2024-03-26T00:00:00,cmp_42,C,0.084,0.954,0.934,0,-0.273
2024-01-23T00:00:00,cmp_37,C,0.2463,-0.831,-0.817,2,0.197
2024-12-12T00:00:00,cmp_42,B,0.1465,0.913,0.947,1,-0.221
2024-06-18T00:00:00,cmp_28,A,0.3169,0.308,0.298,3,-0.358
2024-01-06T00:00:00,cmp_7,B,0.1757,-0.614,-0.705,0,0.731
2024-04-23T00:00:00,cmp_33,C,0.2787,0.185,0.259,7,0.638
2024-09-22T00:00:00,cmp_36,C,0.2231,-0.189,-0.119,2,0.546
2024-12-18T00:00:00,cmp_37,A,0.2495,0.387,0.399,6,-0.124
2024-08-16T00:00:00,cmp_24,B,0.164,0.789,0.86,2,-0.309
2024-08-25T00:00:00,cmp_50,C,0.2191,-0.491,-0.518,1,-0.112
2024-10-28T00:00:00,cmp_45,C,0.1523,0.198,0.195,4,-0.389
2024-03-18T00:00:00,cmp_23,A,0.5156,-0.073,-0.103,8,0.268
2024-09-04T00:00:00,cmp_7,B,0.2508,-0.707,-0.614,6,-0.29
2024-07-31T00:00:00,cmp_6,A,0.0078,-0.388,-0.371,0,0.505
2024-03-13T00:00:00,cmp_23,B,0.3016,0.764,0.815,3,0.103
2024-06-24T00:00:00,cmp_30,A,0.2117,0.309,0.295,2,0.878
2024-09-23T00:00:00,cmp_31,B,0.1086,0.862,0.886,0,0.329
2024-08-31T00:00:00,cmp_7,B,0.3158,0.031,0.066,12,-0.446
2024-12-22T00:00:00,cmp_29,B,0.1183,0.493,0.503,0,0.707
2024-02-04T00:00:00,cmp_20,A,0.1336,-0.922,-1.01,3,0.841
2024-12-29T00:00:00,cmp_8,A,0.2447,-0.442,-0.453,7,-0.36
2024-06-24T00:00:00,cmp_42,A,0.208,0.995,0.972,2,0.103
2024-12-12T00:00:00,cmp_11,C,0.1652,0.861,0.907,3,0.643
2024-05-04T00:00:00,cmp_34,A,0.207,0.199,0.187,6,0.764
2024-10-09T00:00:00,cmp_11,B,0.1509,-0.278,-0.315,3,0.793
2024-10-13T00:00:00,cmp_28,B,0.4137,0.304,0.378,8,0.874
2024-04-28T00:00:00,cmp_26,C,0.1344,-0.583,-0.62,1,0.916
2024-04-04T00:00:00,cmp_12,C,0.0844,0.315,0.306,2,0.722
2024-12-02T00:00:00,cmp_28,B,0.1153,-0.73,-0.811,0,-0.461
2024-01-15T00:00:00,cmp_48,C,0.1709,0.823,0.901,3,0.383
2024-04-11T00:00:00,cmp_29,C,0.0727,0.932,0.93,2,0.271
2024-08-07T00:00:00,cmp_25,A,0.1635,0.091,0.066,3,0.897
2024-12-26T00:00:00,cmp_14,A,0.0619,0.601,0.507,0,0.958
2024-05-22T00:00:00,cmp_49,C,0.0691,0.913,0.845,1,0.953
2024-02-02T00:00:00,cmp_37,A,0.2374,-0.419,-0.369,8,-0.055
2024-10-01T00:00:00,cmp_12,B,0.0955,0.084,0.142,0,-0.076
2024-06-15T00:00:00,cmp_13,B,0.0436,0.348,0.394,0,-0.329
2024-02-28T00:00:00,cmp_17,C,0.2689,0.41,0.5,6,0.306
2024-09-07T00:00:00,cmp_34,C,0.0453,0.279,0.267,1,-0.246
2024-06-09T00:00:00,cmp_39,B,0.6743,0.741,0.719,2,-0.244
2024-11-08T00:00:00,cmp_26,C,0.2637,-0.361,-0.399,7,-0.113
2024-02-28T00:00:00,cmp_23,B,0.3489,0.939,1.028,1,-0.056
2024-08-22T00:00:00,cmp_40,A,0.3536,-0.693,-0.654,10,0.348
2024-12-10T00:00:00,cmp_46,B,0.257,0.729,0.785,12,0.889
2024-11-10T00:00:00,cmp_38,A,0.0959,-0.5,-0.405,1,0.98
2024-12-10T00:00:00,cmp_9,B,0.1801,-0.805,-0.805,7,-0.348
2024-03-01T00:00:00,cmp_16,B,0.1591,0.612,0.689,2,-0.354
2024-02-29T00:00:00,cmp_12,B,0.1273,-0.836,-0.841,5,0.147
2024-12-21T00:00:00,cmp_10,C,0.0748,0.797,0.797,0,0.134
2024-07-17T00:00:00,cmp_27,C,0.0269,0.138,0.07,0,0.84
2024-03-11T00:00:00,cmp_37,B,0.2158,0.002,-0.038,3,0.475
2024-08-04T00:00:00,cmp_12,B,0.257,-0.523,-0.54,4,-0.16
2024-11-21T00:00:00,cmp_35,C,0.2106,0.756,0.759,2,0.374
2024-11-26T00:00:00,cmp_12,C,0.1719,0.923,0.901,1,0.368
2024-03-26T00:00:00,cmp_32,B,0.2167,-0.742,-0.828,6,0.028
2024-03-12T00:00:00,cmp_12,B,0.1089,-0.074,-0.054,2,0.984
2024-08-18T00:00:00,cmp_40,A,0.182,0.871,0.788,3,-0.276
2024-07-02T00:00:00,cmp_1,B,0.2495,0.053,0.017,3,0.89
2024-03-10T00:00:00,cmp_13,B,0.1263,0.612,0.7,3,0.7
2024-10-14T00:00:00,cmp_33,C,0.0182,-0.605,-0.534,0,0.927
2024-09-10T00:00:00,cmp_27,C,0.0898,-0.958,-0.891,1,0.163
2024-09-08T00:00:00,cmp_27,C,0.0838,-0.2,-0.213,3,0.841
2024-08-15T00:00:00,cmp_32,A,0.2375,-0.61,-0.594,8,0.655
2024-02-12T00:00:00,cmp_37,A,0.1021,-0.57,-0.584,2,0.834
2024-04-22T00:00:00,cmp_19,A,0.1199,-0.973,-1.009,3,0.108
2024-05-20T00:00:00,cmp_15,C,0.2054,-0.109,-0.033,7,0.019
2024-05-27T00:00:00,cmp_11,B,0.2213,0.771,0.801,1,0.446
2024-10-16T00:00:00,cmp_48,B,0.2266,-0.057,-0.076,8,0.934
2024-10-08T00:00:00,cmp_33,A,0.1342,-0.2,-0.146,2,0.178
2024-10-20T00:00:00,cmp_8,B,0.2046,-0.346,-0.316,2,-0.006
2024-10-05T00:00:00,cmp_24,C,0.0465,0.133,0.067,0,-0.31
2024-01-22T00:00:00,cmp_49,C,0.4128,0.779,0.771,15,0.657
2024-08-13T00:00:00,cmp_35,A,0.316,0.971,0.914,6,-0.17
2024-08-05T00:00:00,cmp_7,C,0.2249,-0.638,-0.578,6,0.386
2024-11-30T00:00:00,cmp_49,A,0.1429,0.872,0.854,3,-0.092
2024-06-01T00:00:00,cmp_3,B,0.1123,0.396,0.378,2,0.304
2024-05-14T00:00:00,cmp_23,A,0.1125,-0.261,-0.266,2,0.274
2024-08-12T00:00:00,cmp_8,A,0.2798,0.388,0.408,4,0.404
2024-04-17T00:00:00,cmp_48,C,0.2107,0.516,0.58,8,0.001
2024-12-18T00:00:00,cmp_23,C,0.2272,0.395,0.321,7,0.214
2024-11-08T00:00:00,cmp_41,B,0.1997,-0.726,-0.784,4,0.33
2024-03-25T00:00:00,cmp_40,A,0.183,-0.927,-0.939,7,-0.222
2024-04-15T00:00:00,cmp_14,A,0.1326,0.579,0.555,6,0.642
2024-10-18T00:00:00,cmp_23,C,0.0673,-0.395,-0.341,1,-0.302
2024-05-23T00:00:00,cmp_39,C,0.4996,-0.888,-0.762,5,0.113
2024-03-27T00:00:00,cmp_21,C,0.071,-0.62,-0.563,2,-0.356
2024-05-29T00:00:00,cmp_19,C,0.0347,0.865,0.995,0,0.954
2024-05-16T00:00:00,cmp_33,C,0.299,-0.145,-0.153,12,0.186
2024-02-18T00:00:00,cmp_9,B,0.0804,-0.12,-0.191,2,0.658
2024-01-31T00:00:00,cmp_18,C,0.2086,-0.19,-0.2,5,0.188
2024-03-05T00:00:00,cmp_45,A,0.3211,-0.041,0.004,7,0.788
2024-05-07T00:00:00,cmp_10,C,0.2152,0.852,0.746,7,0.444
2024-06-13T00:00:00,cmp_16,C,0.1217,0.931,0.869,0,0.714
2024-07-20T00:00:00,cmp_32,A,0.0289,0.941,0.936,0,0.252
2024-10-22T00:00:00,cmp_41,B,0.0492,0.015,-0.061,0,0.539
2024-11-17T00:00:00,cmp_27,B,0.3469,-0.271,-0.27,12,0.099
2024-08-19T00:00:00,cmp_5,C,0.1412,0.367,0.362,4,0.382
2024-02-17T00:00:00,cmp_26,C,0.2742,0.352,0.302,3,0.13
2024-05-22T00:00:00,cmp_45,B,0.1311,0.862,0.93,2,0.529
2024-08-20T00:00:00,cmp_32,B,0.3087,0.893,0.905,1,0.202
2024-10-24T00:00:00,cmp_1,C,0.3409,-0.154,-0.147,2,-0.294
2024-02-17T00:00:00,cmp_47,B,0.2444,-0.935,-0.94,4,0.316
2024-11-21T00:00:00,cmp_43,C,0.1899,0.026,0.088,2,0.608
2024-07-02T00:00:00,cmp_5,C,0.138,-0.746,-0.601,2,0.007
2024-07-22T00:00:00,cmp_14,B,0.2131,0.997,0.955,2,-0.426
2024-04-18T00:00:00,cmp_32,B,0.066,0.183,0.213,1,0.754
2024-06-14T00:00:00,cmp_19,B,0.1515,-0.336,-0.364,1,0.117
2024-10-07T00:00:00,cmp_37,A,0.2209,0.391,0.347,8,0.016
2024-10-16T00:00:00,cmp_32,B,0.228,0.16,0.181,5,-0.144
2024-12-15T00:00:00,cmp_49,A,0.0557,0.125,0.089,0,0.348
2024-01-24T00:00:00,cmp_7,C,0.0962,0.698,0.715,3,0.267
2024-08-23T00:00:00,cmp_2,A,0.3128,-0.8,-0.818,8,0.482
2024-03-21T00:00:00,cmp_29,B,0.191,-0.056,-0.034,0,0.803
2024-01-01T00:00:00,cmp_28,A,0.3047,-0.713,-0.814,1,0.243
2024-12-18T00:00:00,cmp_9,C,0.0609,0.341,0.331,0,-0.146
2024-06-03T00:00:00,cmp_11,B,0.1724,-0.942,-0.992,5,0.918
2024-02-17T00:00:00,cmp_42,B,0.2149,-0.315,-0.277,4,-0.385
2024-05-08T00:00:00,cmp_6,B,0.0971,0.615,0.628,1,0.014
2024-12-06T00:00:00,cmp_42,A,0.0861,0.118,0.247,1,0.504
2024-01-27T00:00:00,cmp_26,C,0.204,0.531,0.552,4,-0.487
2024-06-05T00:00:00,cmp_47,C,0.2001,-0.929,-0.96,2,0.27
2024-04-29T00:00:00,cmp_28,C,0.0671,-0.467,-0.514,2,0.729
2024-02-16T00:00:00,cmp_46,A,0.2461,0.41,0.411,2,0.521
2024-01-01T00:00:00,cmp_14,B,0.0323,-0.014,-0.142,0,-0.052
2024-02-09T00:00:00,cmp_9,C,0.1037,-0.39,-0.389,0,-0.01
2024-04-25T00:00:00,cmp_34,C,0.1571,-0.979,-1.01,1,0.51
2024-08-15T00:00:00,cmp_1,A,0.2211,-0.514,-0.547,6,0.727
2024-12-22T00:00:00,cmp_22,A,0.1571,-0.024,0.02,4,0.102
2024-08-04T00:00:00,cmp_45,A,0.3119,0.079,0.053,1,0.799
2024-09-01T00:00:00,cmp_5,A,0.0361,-0.626,-0.65,1,0.429
2024-07-15T00:00:00,cmp_6,C,0.4571,0.598,0.572,10,-0.093
2024-02-22T00:00:00,cmp_7,B,0.2757,0.665,0.609,6,0.455
2024-07-07T00:00:00,cmp_20,A,0.6434,-0.25,-0.187,9,0.229
2024-07-14T00:00:00,cmp_50,A,0.6339,0.781,0.832,21,0.546
2024-11-24T00:00:00,cmp_44,A,0.1085,0.979,0.915,2,0.218
2024-02-05T00:00:00,cmp_34,C,0.2455,-0.865,-0.848,5,-0.468
2024-01-05T00:00:00,cmp_40,C,0.1531,0.289,0.306,3,-0.247
2024-03-25T00:00:00,cmp_29,B,0.2677,-0.213,-0.173,7,0.093
2024-04-19T00:00:00,cmp_41,C,0.1349,-0.237,-0.246,2,0.648
2024-03-18T00:00:00,cmp_27,C,0.2907,-0.835,-0.842,7,-0.494
2024-12-17T00:00:00,cmp_29,A,0.3655,0.684,0.683,14,0.58
2024-02-14T00:00:00,cmp_7,A,0.0535,0.796,0.81,1,-0.063
2024-03-04T00:00:00,cmp_38,C,0.1077,0.69,0.765,4,-0.206
2024-07-15T00:00:00,cmp_23,B,0.1246,0.114,0.096,2,0.538
2024-06-10T00:00:00,cmp_9,A,0.381,-0.568,-0.624,11,0.564
2024-05-21T00:00:00,cmp_42,A,0.4095,0.449,0.414,8,0.696
2024-05-07T00:00:00,cmp_36,C,0.1919,-0.124,-0.228,7,0.038
2024-11-03T00:00:00,cmp_47,C,0.0534,-0.956,-0.93,0,-0.246
2024-05-25T00:00:00,cmp_50,C,0.3575,0.482,0.496,7,0.755
2024-01-14T00:00:00,cmp_43,B,0.2239,-0.634,-0.699,8,0.421
2024-04-15T00:00:00,cmp_34,C,0.2511,-0.003,-0.033,4,-0.214
2024-09-17T00:00:00,cmp_13,C,0.0946,0.712,0.715,4,0.047
2024-07-19T00:00:00,cmp_19,C,0.2181,-0.416,-0.533,5,0.667
2024-01-28T00:00:00,cmp_16,B,0.2436,0.979,1.029,5,0.302
2024-07-16T00:00:00,cmp_8,A,0.1111,-0.473,-0.46,2,0.853
2024-09-12T00:00:00,cmp_41,C,0.0261,0.489,0.53,0,0.465
2024-02-06T00:00:00,cmp_34,A,0.2484,0.794,0.766,3,0.88
2024-07-03T00:00:00,cmp_21,A,0.095,0.03,-0.015,4,0.18
2024-07-17T00:00:00,cmp_37,B,0.1191,0.32,0.26,2,0.692
2024-07-06T00:00:00,cmp_35,C,0.1729,-0.778,-0.774,1,0.415
2024-03-29T00:00:00,cmp_49,B,0.1977,0.933,0.965,2,0.391
2024-02-07T00:00:00,cmp_2,C,0.1988,0.127,0.082,5,0.029
2024-02-04T00:00:00,cmp_1,B,0.2178,0.462,0.45,7,0.195
2024-04-20T00:00:00,cmp_3,A,0.1685,-0.186,-0.183,3,-0.356
2024-07-22T00:00:00,cmp_33,B,0.1474,0.878,0.907,1,0.714
2024-11-17T00:00:00,cmp_46,C,0.0819,-0.209,-0.283,2,-0.336
2024-07-31T00:00:00,cmp_28,C,0.1039,-0.889,-0.887,3,0.425
2024-07-24T00:00:00,cmp_6,C,0.4221,0.64,0.679,5,0.683
2024-10-01T00:00:00,cmp_35,C,0.2378,-0.834,-0.882,6,-0.072
2024-03-19T00:00:00,cmp_18,A,0.0878,-0.182,-0.278,0,-0.434
2024-06-07T00:00:00,cmp_6,C,0.0276,-0.858,-0.897,0,0.651
2024-04-14T00:00:00,cmp_10,C,0.066,0.569,0.559,1,0.259
2024-06-16T00:00:00,cmp_26,C,0.4372,0.836,0.765,11,0.5
2024-11-20T00:00:00,cmp_49,C,0.2038,-0.232,-0.293,0,-0.324
2024-12-14T00:00:00,cmp_42,A,0.2525,0.102,0.046,2,-0.124
2024-06-07T00:00:00,cmp_45,B,0.2429,0.994,1.009,4,-0.121
2024-05-02T00:00:00,cmp_4,A,0.1684,0.597,0.533,1,0.188
2024-02-14T00:00:00,cmp_28,A,0.1791,-0.756,-0.846,1,0.353
2024-08-20T00:00:00,cmp_40,C,0.1964,0.217,0.203,5,0.573
2024-01-29T00:00:00,cmp_20,C,0.1926,-0.453,-0.426,1,-0.113
2024-12-02T00:00:00,cmp_48,A,0.0304,0.803,0.787,1,0.243
2024-03-02T00:00:00,cmp_1,C,0.1065,0.324,0.286,2,0.776
2024-03-11T00:00:00,cmp_45,A,0.082,0.127,0.138,1,-0.385
2024-03-24T00:00:00,cmp_32,B,0.2058,0.815,0.815,1,-0.029
2024-09-24T00:00:00,cmp_34,C,0.1167,-0.925,-1.034,1,0.25
2024-05-12T00:00:00,cmp_11,B,0.4709,-0.857,-0.913,2,-0.103
2024-03-05T00:00:00,cmp_48,B,0.1167,0.866,0.845,4,0.634
2024-03-01T00:00:00,cmp_50,A,0.0565,0.557,0.535,2,-0.478
2024-06-20T00:00:00,cmp_28,B,0.055,0.777,0.771,0,-0.462
2024-09-25T00:00:00,cmp_5,B,0.1537,-0.452,-0.506,4,-0.111
2024-12-30T00:00:00,cmp_37,C,0.231,-0.698,-0.737,5,0.715
2024-02-09T00:00:00,cmp_32,B,0.2311,-0.469,-0.527,6,0.317
2024-09-18T00:00:00,cmp_24,A,0.2286,-0.066,-0.061,5,0.752
2024-09-12T00:00:00,cmp_37,A,0.1646,0.217,0.175,5,0.09
2024-07-07T00:00:00,cmp_11,B,0.2405,-0.999,-1.023,0,0.962
2024-02-22T00:00:00,cmp_37,C,0.2023,-0.217,-0.223,6,0.985
2024-02-29T00:00:00,cmp_15,C,0.1527,-0.118,-0.117,6,0.554
2024-09-17T00:00:00,cmp_1,A,0.3201,0.501,0.485,7,0.322
2024-01-07T00:00:00,cmp_16,A,0.0988,0.726,0.794,2,0.883
2024-08-29T00:00:00,cmp_24,B,0.0276,0.682,0.706,0,0.643
2024-03-17T00:00:00,cmp_12,A,0.1668,-0.593,-0.568,0,0.947
2024-10-10T00:00:00,cmp_46,C,0.0396,-0.513,-0.55,1,0.986
2024-12-01T00:00:00,cmp_27,A,0.2781,-0.683,-0.752,2,0.007
2024-06-13T00:00:00,cmp_16,B,0.1776,0.013,0.051,8,0.292
2024-06-12T00:00:00,cmp_18,A,0.4146,-0.886,-0.892,3,0.147
2024-10-19T00:00:00,cmp_24,A,0.0511,0.571,0.598,1,0.546
2024-09-14T00:00:00,cmp_44,A,0.2977,-0.121,-0.141,6,-0.121
2024-04-01T00:00:00,cmp_15,C,0.2392,-0.048,-0.141,0,0.982
2024-01-24T00:00:00,cmp_26,A,0.2657,-0.436,-0.508,8,0.346
2024-08-26T00:00:00,cmp_19,B,0.5216,-0.376,-0.398,12,0.864
2024-06-16T00:00:00,cmp_6,C,0.3807,0.529,0.564,3,-0.161
2024-08-21T00:00:00,cmp_1,B,0.2534,-0.005,-0.008,1,0.142
2024-04-12T00:00:00,cmp_19,C,0.2037,0.034,-0.015,7,0.572
2024-06-04T00:00:00,cmp_48,C,0.2984,-0.394,-0.307,5,-0.199
2024-05-04T00:00:00,cmp_30,B,0.253,-0.176,-0.187,5,-0.423
2024-10-29T00:00:00,cmp_32,A,0.2138,0.912,0.932,3,0.37
2024-10-06T00:00:00,cmp_49,A,0.2019,-0.657,-0.649,6,-0.235
2024-03-18T00:00:00,cmp_1,B,0.0805,0.986,0.979,0,0.434
2024-01-13T00:00:00,cmp_15,C,0.2787,-0.349,-0.335,7,0.254
2024-06-26T00:00:00,cmp_41,C,0.1115,-0.413,-0.485,2,-0.276
2024-01-05T00:00:00,cmp_22,A,0.1277,0.458,0.485,0,0.826
2024-12-02T00:00:00,cmp_25,C,0.0329,0.294,0.331,0,0.955
2024-06-06T00:00:00,cmp_7,A,0.2253,-0.28,-0.278,0,-0.314
2024-09-28T00:00:00,cmp_16,B,0.1294,0.167,0.168,1,0.024
2024-09-08T00:00:00,cmp_4,A,0.1045,0.309,0.287,1,-0.415
2024-12-30T00:00:00,cmp_18,A,0.044,0.898,0.837,0,-0.39
2024-01-23T00:00:00,cmp_15,C,0.4341,-0.035,-0.013,17,-0.432
2024-07-30T00:00:00,cmp_45,B,0.1294,-0.523,-0.529,1,-0.201
2024-08-22T00:00:00,cmp_48,A,0.2734,-0.195,-0.19,3,0.593
2024-10-24T00:00:00,cmp_7,C,0.2139,-0.461,-0.37,2,0.398
2024-03-09T00:00:00,cmp_41,B,0.2446,0.322,0.377,2,0.524
2024-02-08T00:00:00,cmp_38,C,0.3567,0.653,0.667,14,0.786
2024-02-01T00:00:00,cmp_28,C,0.0748,0.676,0.702,0,-0.163
2024-03-07T00:00:00,cmp_16,B,0.1166,-0.43,-0.49,0,0.067
2024-05-13T00:00:00,cmp_21,B,0.1854,0.58,0.576,1,0.073
2024-12-24T00:00:00,cmp_48,B,0.151,-0.324,-0.338,1,-0.316
2024-06-11T00:00:00,cmp_29,B,0.187,-0.262,-0.349,2,-0.178
2024-04-29T00:00:00,cmp_5,A,0.2388,-0.038,-0.039,2,0.887
2024-03-10T00:00:00,cmp_50,C,0.2144,0.264,0.357,1,-0.337
2024-02-25T00:00:00,cmp_10,A,0.0788,0.227,0.299,2,0.721
2024-03-25T00:00:00,cmp_29,B,0.2074,-0.817,-0.836,4,-0.267
2024-06-09T00:00:00,cmp_27,A,0.0583,0.806,0.848,2,0.863
2024-10-01T00:00:00,cmp_23,A,0.1192,0.489,0.524,2,-0.428
2024-08-19T00:00:00,cmp_20,B,0.2649,-0.674,-0.617,2,-0.094
2024-05-15T00:00:00,cmp_8,A,0.1825,-0.894,-0.871,6,0.462
2024-03-21T00:00:00,cmp_44,B,0.0501,0.046,0.064,0,-0.152
2024-12-26T00:00:00,cmp_45,C,0.0188,-0.154,-0.125,0,0.855
2024-01-21T00:00:00,cmp_14,B,0.0752,0.03,0.083,1,0.473
2024-03-16T00:00:00,cmp_6,C,0.1717,-0.939,-0.958,5,-0.469
2024-05-07T00:00:00,cmp_23,B,0.4835,-0.95,-0.98,4,0.804
2024-09-19T00:00:00,cmp_4,C,0.2121,0.175,0.202,5,-0.034
2024-06-02T00:00:00,cmp_17,A,0.1647,0.253,0.208,3,-0.054
2024-01-16T00:00:00,cmp_26,B,0.0695,0.565,0.531,2,0.496
2024-10-11T00:00:00,cmp_48,C,0.3368,0.947,0.925,11,0.612
2024-05-07T00:00:00,cmp_7,B,0.1498,-0.117,-0.167,5,0.431
2024-02-22T00:00:00,cmp_9,A,0.023,-0.489,-0.437,1,0.458
2024-01-07T00:00:00,cmp_4,A,0.1022,-0.614,-0.515,2,0.451
2024-03-07T00:00:00,cmp_13,B,0.1418,-0.569,-0.635,2,0.291
2024-07-09T00:00:00,cmp_44,C,0.2791,0.296,0.287,1,-0.028
2024-11-26T00:00:00,cmp_6,C,0.1464,0.226,0.218,0,0.817
2024-10-27T00:00:00,cmp_17,A,0.1024,-0.909,-0.904,4,0.55
2024-01-12T00:00:00,cmp_5,A,0.2494,-0.859,-0.863,0,0.523
2024-11-26T00:00:00,cmp_29,A,0.1358,-0.587,-0.659,3,-0.319
2024-02-17T00:00:00,cmp_22,A,0.1872,-0.942,-0.99,1,0.36
2024-01-22T00:00:00,cmp_30,A,0.3221,0.813,0.828,11,0.617
2024-03-27T00:00:00,cmp_37,B,0.2944,-0.966,-1.041,15,0.548
2024-07-21T00:00:00,cmp_32,A,0.0941,-0.463,-0.561,1,0.45
2024-07-14T00:00:00,cmp_44,B,0.0584,0.706,0.72,1,0.282
2024-03-29T00:00:00,cmp_23,A,0.1356,0.488,0.539,2,0.141
2024-04-05T00:00:00,cmp_18,B,0.3886,-0.276,-0.213,3,0.903
2024-08-16T00:00:00,cmp_10,A,0.0288,-0.274,-0.251,0,-0.201
2024-11-10T00:00:00,cmp_40,C,0.2643,0.454,0.477,4,0.138
2024-05-05T00:00:00,cmp_42,B,0.0341,-0.667,-0.747,0,-0.112
2024-09-12T00:00:00,cmp_27,C,0.1311,0.287,0.281,3,0.958
2024-09-02T00:00:00,cmp_4,A,0.1624,0.324,0.35,2,0.301
2024-05-23T00:00:00,cmp_25,A,0.2499,-0.669,-0.621,6,0.474
2024-08-02T00:00:00,cmp_13,C,0.2365,-0.985,-1.038,6,0.835
2024-09-26T00:00:00,cmp_16,C,0.09,0.072,0.033,3,0.492
2024-10-05T00:00:00,cmp_2,B,0.2435,0.732,0.63,1,0.899
2024-12-31T00:00:00,cmp_23,B,0.0705,-0.429,-0.456,2,-0.053
2024-10-05T00:00:00,cmp_32,B,0.3165,-0.35,-0.491,12,0.008
2024-10-16T00:00:00,cmp_33,B,0.2603,-0.569,-0.438,4,0.578
2024-07-17T00:00:00,cmp_18,A,0.1443,-0.817,-0.86,0,0.204
2024-01-14T00:00:00,cmp_21,C,0.1482,0.625,0.64,4,0.343
2024-04-22T00:00:00,cmp_2,B,0.1008,-0.357,-0.432,3,-0.285
2024-01-30T00:00:00,cmp_31,C,0.2817,0.137,0.151,6,0.671
2024-07-02T00:00:00,cmp_50,C,0.1916,0.867,0.826,3,0.001
2024-04-29T00:00:00,cmp_11,A,0.2185,0.461,0.507,4,0.743
2024-05-06T00:00:00,cmp_43,A,0.1717,-0.419,-0.506,5,-0.168
2024-05-16T00:00:00,cmp_35,C,0.3015,-0.18,-0.168,8,0.712
2024-01-29T00:00:00,cmp_49,A,0.1584,0.442,0.527,1,0.774
2024-10-21T00:00:00,cmp_25,B,0.328,0.994,0.935,12,0.417
2024-03-29T00:00:00,cmp_12,A,0.3028,0.268,0.308,3,0.847
2024-10-30T00:00:00,cmp_21,C,0.2337,0.523,0.606,2,0.749
2024-12-23T00:00:00,cmp_23,C,0.207,-0.606,-0.576,3,0.029
2024-01-15T00:00:00,cmp_46,C,0.1272,0.133,0.137,0,0.586
2024-06-29T00:00:00,cmp_37,C,0.2144,0.665,0.635,2,0.433
2024-03-13T00:00:00,cmp_37,A,0.2102,-0.939,-0.889,10,0.306
2024-09-09T00:00:00,cmp_35,B,0.2778,-0.818,-0.727,8,0.593
2024-03-30T00:00:00,cmp_32,A,0.2511,-0.842,-0.866,4,0.303
2024-02-16T00:00:00,cmp_4,A,0.2182,0.189,0.097,9,0.348
2024-11-04T00:00:00,cmp_15,A,0.0744,0.503,0.542,1,0.08
2024-09-26T00:00:00,cmp_31,A,0.0231,0.713,0.602,0,-0.128
2024-06-18T00:00:00,cmp_40,A,0.1571,0.004,-0.02,3,0.436
2024-03-07T00:00:00,cmp_22,C,0.3662,0.122,0.17,7,0.726
2024-03-31T00:00:00,cmp_21,A,0.1854,-0.435,-0.461,4,0.376
2024-01-12T00:00:00,cmp_10,C,0.3973,0.796,0.713,8,-0.495
2024-12-26T00:00:00,cmp_10,A,0.0983,-0.461,-0.443,3,0.6
2024-09-26T00:00:00,cmp_24,A,0.2202,-0.111,-0.148,7,0.546
2024-07-10T00:00:00,cmp_46,C,0.5156,-0.214,-0.192,12,-0.08
2024-07-21T00:00:00,cmp_38,A,0.0437,0.59,0.558,1,-0.013
2024-06-21T00:00:00,cmp_20,B,0.1141,0.544,0.468,1,0.434
2024-03-10T00:00:00,cmp_11,C,0.2215,-0.184,-0.186,1,0.458
2024-08-11T00:00:00,cmp_41,B,0.1615,-0.021,0.035,2,-0.334
2024-11-28T00:00:00,cmp_21,A,0.1549,0.061,0.101,2,0.442
2024-12-28T00:00:00,cmp_36,C,0.1587,0.98,0.999,0,0.994
2024-11-10T00:00:00,cmp_23,A,0.0965,0.868,0.794,0,0.302
2024-12-06T00:00:00,cmp_38,A,0.259,0.965,0.972,9,-0.352
2024-07-12T00:00:00,cmp_20,C,0.07,-0.54,-0.572,0,0.427
2024-12-18T00:00:00,cmp_19,A,0.1462,0.557,0.543,2,0.083
2024-03-31T00:00:00,cmp_47,A,0.0835,0.4,0.379,4,0.289
2024-12-25T00:00:00,cmp_37,B,0.0291,0.209,0.122,0,0.219
2024-10-17T00:00:00,cmp_3,A,0.4192,-0.72,-0.756,13,0.318
2024-11-04T00:00:00,cmp_21,C,0.1617,0.192,0.23,4,0.115
2024-04-23T00:00:00,cmp_41,C,0.221,0.286,0.251,6,0.859
2024-02-23T00:00:00,cmp_32,A,0.0079,0.987,0.992,0,0.184
2024-06-18T00:00:00,cmp_48,A,0.2008,-0.497,-0.546,7,0.536
2024-05-01T00:00:00,cmp_23,B,0.1246,0.323,0.302,5,0.848
2024-03-26T00:00:00,cmp_41,A,0.1732,0.575,0.581,4,0.252
2024-12-28T00:00:00,cmp_43,C,0.1186,-0.275,-0.339,1,0.462
2024-06-20T00:00:00,cmp_29,A,0.2689,-0.768,-0.745,6,-0.009
2024-05-15T00:00:00,cmp_14,A,0.2992,-0.157,-0.166,6,0.167
2024-12-20T00:00:00,cmp_5,B,0.4344,0.128,0.133,9,0.924
2024-05-11T00:00:00,cmp_7,C,0.1211,-0.076,-0.048,0,0.459
2024-01-01T00:00:00,cmp_4,B,0.2595,0.045,0.007,8,0.937
